community	medium	receiver	donor	compound	scs	mus	mps	smetana	sample
all	minimal	Bacillus_bataviensis_LMG_21833_	Bacillus_humi_DSM_16318_	M_arg__L_e	0.3636363636363636	0.02	1	0.0072727272727272	1773.Turdus.oliv1.lgi
all	minimal	Bacillus_bataviensis_LMG_21833_	Bacillus_humi_DSM_16318_	M_cu2_e	0.3636363636363636	0.99	1	0.36	1773.Turdus.oliv1.lgi
all	minimal	Bacillus_bataviensis_LMG_21833_	Bacillus_humi_DSM_16318_	M_fe2_e	0.3636363636363636	0.98	1	0.3563636363636364	1773.Turdus.oliv1.lgi
all	minimal	Bacillus_bataviensis_LMG_21833_	Bacillus_humi_DSM_16318_	M_fe3_e	0.3636363636363636	0.39	1	0.1418181818181818	1773.Turdus.oliv1.lgi
all	minimal	Bacillus_bataviensis_LMG_21833_	Bacillus_humi_DSM_16318_	M_fe3pyovd_kt_e	0.3636363636363636	0.01	1	0.0036363636363636	1773.Turdus.oliv1.lgi
all	minimal	Bacillus_bataviensis_LMG_21833_	Bacillus_humi_DSM_16318_	M_glc__D_e	0.3636363636363636	0.01	1	0.0036363636363636	1773.Turdus.oliv1.lgi
all	minimal	Bacillus_bataviensis_LMG_21833_	Bacillus_humi_DSM_16318_	M_glcr_e	0.3636363636363636	0.58	1	0.2109090909090909	1773.Turdus.oliv1.lgi
all	minimal	Bacillus_bataviensis_LMG_21833_	Bacillus_humi_DSM_16318_	M_glyald_e	0.3636363636363636	0.01	1	0.0036363636363636	1773.Turdus.oliv1.lgi
all	minimal	Bacillus_bataviensis_LMG_21833_	Bacillus_humi_DSM_16318_	M_glyc_e	0.3636363636363636	0.01	1	0.0036363636363636	1773.Turdus.oliv1.lgi
all	minimal	Bacillus_bataviensis_LMG_21833_	Bacillus_humi_DSM_16318_	M_gua_e	0.3636363636363636	0.01	1	0.0036363636363636	1773.Turdus.oliv1.lgi
all	minimal	Bacillus_bataviensis_LMG_21833_	Bacillus_humi_DSM_16318_	M_h2o_e	0.3636363636363636	0.01	1	0.0036363636363636	1773.Turdus.oliv1.lgi
all	minimal	Bacillus_bataviensis_LMG_21833_	Bacillus_humi_DSM_16318_	M_h2s_e	0.3636363636363636	0.56	1	0.2036363636363636	1773.Turdus.oliv1.lgi
all	minimal	Bacillus_bataviensis_LMG_21833_	Bacillus_humi_DSM_16318_	M_h_e	0.3636363636363636	0.02	1	0.0072727272727272	1773.Turdus.oliv1.lgi
all	minimal	Bacillus_bataviensis_LMG_21833_	Bacillus_humi_DSM_16318_	M_ura_e	0.3636363636363636	0.41	1	0.149090909090909	1773.Turdus.oliv1.lgi
all	minimal	Bacillus_bataviensis_LMG_21833_	Bacillus_pumilus_SH_B9_	M_arg__L_e	1.0	0.02	1	0.02	1773.Turdus.oliv1.lgi
all	minimal	Bacillus_bataviensis_LMG_21833_	Bacillus_pumilus_SH_B9_	M_cgly_e	1.0	0.02	1	0.02	1773.Turdus.oliv1.lgi
all	minimal	Bacillus_bataviensis_LMG_21833_	Bacillus_pumilus_SH_B9_	M_cu2_e	1.0	0.99	1	0.99	1773.Turdus.oliv1.lgi
all	minimal	Bacillus_bataviensis_LMG_21833_	Bacillus_pumilus_SH_B9_	M_fe2_e	1.0	0.98	1	0.98	1773.Turdus.oliv1.lgi
all	minimal	Bacillus_bataviensis_LMG_21833_	Bacillus_pumilus_SH_B9_	M_fe3_e	1.0	0.39	1	0.39	1773.Turdus.oliv1.lgi
all	minimal	Bacillus_bataviensis_LMG_21833_	Bacillus_pumilus_SH_B9_	M_fe3pyovd_kt_e	1.0	0.01	1	0.01	1773.Turdus.oliv1.lgi
all	minimal	Bacillus_bataviensis_LMG_21833_	Bacillus_pumilus_SH_B9_	M_glc__D_e	1.0	0.01	1	0.01	1773.Turdus.oliv1.lgi
all	minimal	Bacillus_bataviensis_LMG_21833_	Bacillus_pumilus_SH_B9_	M_glu__L_e	1.0	0.01	1	0.01	1773.Turdus.oliv1.lgi
all	minimal	Bacillus_bataviensis_LMG_21833_	Bacillus_pumilus_SH_B9_	M_glyald_e	1.0	0.01	1	0.01	1773.Turdus.oliv1.lgi
all	minimal	Bacillus_bataviensis_LMG_21833_	Bacillus_pumilus_SH_B9_	M_glyc_e	1.0	0.01	1	0.01	1773.Turdus.oliv1.lgi
all	minimal	Bacillus_bataviensis_LMG_21833_	Bacillus_pumilus_SH_B9_	M_gthrd_e	1.0	0.01	1	0.01	1773.Turdus.oliv1.lgi
all	minimal	Bacillus_bataviensis_LMG_21833_	Bacillus_pumilus_SH_B9_	M_h2o_e	1.0	0.01	1	0.01	1773.Turdus.oliv1.lgi
all	minimal	Bacillus_bataviensis_LMG_21833_	Bacillus_pumilus_SH_B9_	M_h2s_e	1.0	0.56	1	0.56	1773.Turdus.oliv1.lgi
all	minimal	Bacillus_bataviensis_LMG_21833_	Bacillus_pumilus_SH_B9_	M_h_e	1.0	0.02	1	0.02	1773.Turdus.oliv1.lgi
all	minimal	Bacillus_bataviensis_LMG_21833_	Bacillus_pumilus_SH_B9_	M_istfrnB_e	1.0	0.02	1	0.02	1773.Turdus.oliv1.lgi
all	minimal	Bacillus_bataviensis_LMG_21833_	Campylobacter_jejuni_isolate_W1_	M_cu2_e	0.1818181818181818	0.99	1	0.18	1773.Turdus.oliv1.lgi
all	minimal	Bacillus_bataviensis_LMG_21833_	Campylobacter_jejuni_isolate_W1_	M_fe2_e	0.1818181818181818	0.98	1	0.1781818181818182	1773.Turdus.oliv1.lgi
all	minimal	Bacillus_bataviensis_LMG_21833_	Campylobacter_jejuni_isolate_W1_	M_fe3_e	0.1818181818181818	0.39	1	0.0709090909090909	1773.Turdus.oliv1.lgi
all	minimal	Bacillus_bataviensis_LMG_21833_	Campylobacter_jejuni_isolate_W1_	M_fe3pyovd_kt_e	0.1818181818181818	0.01	1	0.0018181818181818	1773.Turdus.oliv1.lgi
all	minimal	Bacillus_bataviensis_LMG_21833_	Campylobacter_jejuni_isolate_W1_	M_h2o_e	0.1818181818181818	0.01	1	0.0018181818181818	1773.Turdus.oliv1.lgi
all	minimal	Bacillus_bataviensis_LMG_21833_	Campylobacter_jejuni_isolate_W1_	M_h2s_e	0.1818181818181818	0.56	1	0.1018181818181818	1773.Turdus.oliv1.lgi
all	minimal	Bacillus_bataviensis_LMG_21833_	Campylobacter_jejuni_isolate_W1_	M_h_e	0.1818181818181818	0.02	1	0.0036363636363636	1773.Turdus.oliv1.lgi
all	minimal	Bacillus_bataviensis_LMG_21833_	Cronobacter_sakazakii_ATCC_29544_	M_adn_e	0.1818181818181818	0.56	1	0.1018181818181818	1773.Turdus.oliv1.lgi
all	minimal	Bacillus_bataviensis_LMG_21833_	Cronobacter_sakazakii_ATCC_29544_	M_ala__L_e	0.1818181818181818	0.01	1	0.0018181818181818	1773.Turdus.oliv1.lgi
all	minimal	Bacillus_bataviensis_LMG_21833_	Cronobacter_sakazakii_ATCC_29544_	M_alaala_e	0.1818181818181818	0.01	1	0.0018181818181818	1773.Turdus.oliv1.lgi
all	minimal	Bacillus_bataviensis_LMG_21833_	Cronobacter_sakazakii_ATCC_29544_	M_arg__L_e	0.1818181818181818	0.02	1	0.0036363636363636	1773.Turdus.oliv1.lgi
all	minimal	Bacillus_bataviensis_LMG_21833_	Cronobacter_sakazakii_ATCC_29544_	M_cellb_e	0.1818181818181818	0.56	1	0.1018181818181818	1773.Turdus.oliv1.lgi
all	minimal	Bacillus_bataviensis_LMG_21833_	Cronobacter_sakazakii_ATCC_29544_	M_cgly_e	0.1818181818181818	0.02	1	0.0036363636363636	1773.Turdus.oliv1.lgi
all	minimal	Bacillus_bataviensis_LMG_21833_	Cronobacter_sakazakii_ATCC_29544_	M_cu2_e	0.1818181818181818	0.99	1	0.18	1773.Turdus.oliv1.lgi
all	minimal	Bacillus_bataviensis_LMG_21833_	Cronobacter_sakazakii_ATCC_29544_	M_cys__L_e	0.1818181818181818	0.02	1	0.0036363636363636	1773.Turdus.oliv1.lgi
all	minimal	Bacillus_bataviensis_LMG_21833_	Cronobacter_sakazakii_ATCC_29544_	M_dad_2_e	0.1818181818181818	0.01	1	0.0018181818181818	1773.Turdus.oliv1.lgi
all	minimal	Bacillus_bataviensis_LMG_21833_	Cronobacter_sakazakii_ATCC_29544_	M_fe2_e	0.1818181818181818	0.98	1	0.1781818181818182	1773.Turdus.oliv1.lgi
all	minimal	Bacillus_bataviensis_LMG_21833_	Cronobacter_sakazakii_ATCC_29544_	M_fe3_e	0.1818181818181818	0.39	1	0.0709090909090909	1773.Turdus.oliv1.lgi
all	minimal	Bacillus_bataviensis_LMG_21833_	Cronobacter_sakazakii_ATCC_29544_	M_fe3pyovd_kt_e	0.1818181818181818	0.01	1	0.0018181818181818	1773.Turdus.oliv1.lgi
all	minimal	Bacillus_bataviensis_LMG_21833_	Cronobacter_sakazakii_ATCC_29544_	M_g3pe_e	0.1818181818181818	0.02	1	0.0036363636363636	1773.Turdus.oliv1.lgi
all	minimal	Bacillus_bataviensis_LMG_21833_	Cronobacter_sakazakii_ATCC_29544_	M_glc__D_e	0.1818181818181818	0.01	1	0.0018181818181818	1773.Turdus.oliv1.lgi
all	minimal	Bacillus_bataviensis_LMG_21833_	Cronobacter_sakazakii_ATCC_29544_	M_glcn_e	0.1818181818181818	0.41	1	0.0745454545454545	1773.Turdus.oliv1.lgi
all	minimal	Bacillus_bataviensis_LMG_21833_	Cronobacter_sakazakii_ATCC_29544_	M_glu__L_e	0.1818181818181818	0.01	1	0.0018181818181818	1773.Turdus.oliv1.lgi
all	minimal	Bacillus_bataviensis_LMG_21833_	Cronobacter_sakazakii_ATCC_29544_	M_gly_e	0.1818181818181818	0.01	1	0.0018181818181818	1773.Turdus.oliv1.lgi
all	minimal	Bacillus_bataviensis_LMG_21833_	Cronobacter_sakazakii_ATCC_29544_	M_glyald_e	0.1818181818181818	0.01	1	0.0018181818181818	1773.Turdus.oliv1.lgi
all	minimal	Bacillus_bataviensis_LMG_21833_	Cronobacter_sakazakii_ATCC_29544_	M_glyc3p_e	0.1818181818181818	0.01	1	0.0018181818181818	1773.Turdus.oliv1.lgi
all	minimal	Bacillus_bataviensis_LMG_21833_	Cronobacter_sakazakii_ATCC_29544_	M_glyc_e	0.1818181818181818	0.01	1	0.0018181818181818	1773.Turdus.oliv1.lgi
all	minimal	Bacillus_bataviensis_LMG_21833_	Cronobacter_sakazakii_ATCC_29544_	M_gthrd_e	0.1818181818181818	0.01	1	0.0018181818181818	1773.Turdus.oliv1.lgi
all	minimal	Bacillus_bataviensis_LMG_21833_	Cronobacter_sakazakii_ATCC_29544_	M_gua_e	0.1818181818181818	0.01	1	0.0018181818181818	1773.Turdus.oliv1.lgi
all	minimal	Bacillus_bataviensis_LMG_21833_	Cronobacter_sakazakii_ATCC_29544_	M_h2o_e	0.1818181818181818	0.01	1	0.0018181818181818	1773.Turdus.oliv1.lgi
all	minimal	Bacillus_bataviensis_LMG_21833_	Cronobacter_sakazakii_ATCC_29544_	M_h2s_e	0.1818181818181818	0.56	1	0.1018181818181818	1773.Turdus.oliv1.lgi
all	minimal	Bacillus_bataviensis_LMG_21833_	Cronobacter_sakazakii_ATCC_29544_	M_h_e	0.1818181818181818	0.02	1	0.0036363636363636	1773.Turdus.oliv1.lgi
all	minimal	Bacillus_bataviensis_LMG_21833_	Cronobacter_sakazakii_ATCC_29544_	M_hxan_e	0.1818181818181818	0.01	1	0.0018181818181818	1773.Turdus.oliv1.lgi
all	minimal	Bacillus_bataviensis_LMG_21833_	Cronobacter_sakazakii_ATCC_29544_	M_xan_e	0.1818181818181818	0.01	1	0.0018181818181818	1773.Turdus.oliv1.lgi
all	minimal	Bacillus_bataviensis_LMG_21833_	Enterococcus_malodoratus_ATCC_43197_	M_arg__L_e	0.0909090909090909	0.02	1	0.0018181818181818	1773.Turdus.oliv1.lgi
all	minimal	Bacillus_bataviensis_LMG_21833_	Enterococcus_malodoratus_ATCC_43197_	M_fe2_e	0.0909090909090909	0.98	1	0.0890909090909091	1773.Turdus.oliv1.lgi
all	minimal	Bacillus_bataviensis_LMG_21833_	Enterococcus_malodoratus_ATCC_43197_	M_fe3_e	0.0909090909090909	0.39	1	0.0354545454545454	1773.Turdus.oliv1.lgi
all	minimal	Bacillus_bataviensis_LMG_21833_	Enterococcus_malodoratus_ATCC_43197_	M_fe3pyovd_kt_e	0.0909090909090909	0.01	1	0.0009090909090909	1773.Turdus.oliv1.lgi
all	minimal	Bacillus_bataviensis_LMG_21833_	Enterococcus_malodoratus_ATCC_43197_	M_glc__D_e	0.0909090909090909	0.01	1	0.0009090909090909	1773.Turdus.oliv1.lgi
all	minimal	Bacillus_bataviensis_LMG_21833_	Enterococcus_malodoratus_ATCC_43197_	M_glyald_e	0.0909090909090909	0.01	1	0.0009090909090909	1773.Turdus.oliv1.lgi
all	minimal	Bacillus_bataviensis_LMG_21833_	Enterococcus_malodoratus_ATCC_43197_	M_glyc_e	0.0909090909090909	0.01	1	0.0009090909090909	1773.Turdus.oliv1.lgi
all	minimal	Bacillus_bataviensis_LMG_21833_	Enterococcus_malodoratus_ATCC_43197_	M_h2o_e	0.0909090909090909	0.01	1	0.0009090909090909	1773.Turdus.oliv1.lgi
all	minimal	Bacillus_bataviensis_LMG_21833_	Enterococcus_malodoratus_ATCC_43197_	M_h2s_e	0.0909090909090909	0.56	1	0.0509090909090909	1773.Turdus.oliv1.lgi
all	minimal	Bacillus_bataviensis_LMG_21833_	Enterococcus_malodoratus_ATCC_43197_	M_h_e	0.0909090909090909	0.02	1	0.0018181818181818	1773.Turdus.oliv1.lgi
all	minimal	Bacillus_bataviensis_LMG_21833_	Enterococcus_malodoratus_ATCC_43197_	M_istfrnB_e	0.0909090909090909	0.02	1	0.0018181818181818	1773.Turdus.oliv1.lgi
all	minimal	Bacillus_bataviensis_LMG_21833_	Lactobacillus_acidipiscis_ACA_DC_1533_	M_cu2_e	0.0909090909090909	0.99	1	0.09	1773.Turdus.oliv1.lgi
all	minimal	Bacillus_bataviensis_LMG_21833_	Lactobacillus_acidipiscis_ACA_DC_1533_	M_fe2_e	0.0909090909090909	0.98	1	0.0890909090909091	1773.Turdus.oliv1.lgi
all	minimal	Bacillus_bataviensis_LMG_21833_	Lactobacillus_acidipiscis_ACA_DC_1533_	M_fe3_e	0.0909090909090909	0.39	1	0.0354545454545454	1773.Turdus.oliv1.lgi
all	minimal	Bacillus_bataviensis_LMG_21833_	Lactobacillus_acidipiscis_ACA_DC_1533_	M_fe3pyovd_kt_e	0.0909090909090909	0.01	1	0.0009090909090909	1773.Turdus.oliv1.lgi
all	minimal	Bacillus_bataviensis_LMG_21833_	Lactobacillus_acidipiscis_ACA_DC_1533_	M_glc__D_e	0.0909090909090909	0.01	1	0.0009090909090909	1773.Turdus.oliv1.lgi
all	minimal	Bacillus_bataviensis_LMG_21833_	Lactobacillus_acidipiscis_ACA_DC_1533_	M_glyald_e	0.0909090909090909	0.01	1	0.0009090909090909	1773.Turdus.oliv1.lgi
all	minimal	Bacillus_bataviensis_LMG_21833_	Lactobacillus_acidipiscis_ACA_DC_1533_	M_glyc_e	0.0909090909090909	0.01	1	0.0009090909090909	1773.Turdus.oliv1.lgi
all	minimal	Bacillus_bataviensis_LMG_21833_	Lactobacillus_acidipiscis_ACA_DC_1533_	M_h2o_e	0.0909090909090909	0.01	1	0.0009090909090909	1773.Turdus.oliv1.lgi
all	minimal	Bacillus_bataviensis_LMG_21833_	Lactobacillus_acidipiscis_ACA_DC_1533_	M_h2s_e	0.0909090909090909	0.56	1	0.0509090909090909	1773.Turdus.oliv1.lgi
all	minimal	Bacillus_bataviensis_LMG_21833_	Lactobacillus_acidipiscis_ACA_DC_1533_	M_h_e	0.0909090909090909	0.02	1	0.0018181818181818	1773.Turdus.oliv1.lgi
all	minimal	Bacillus_bataviensis_LMG_21833_	Lactobacillus_acidipiscis_ACA_DC_1533_	M_istfrnB_e	0.0909090909090909	0.02	1	0.0018181818181818	1773.Turdus.oliv1.lgi
all	minimal	Bacillus_bataviensis_LMG_21833_	Neorhizobium_galegae_bv_orientalis_str_HAMBI_540_	M_adn_e	0.1818181818181818	0.56	1	0.1018181818181818	1773.Turdus.oliv1.lgi
all	minimal	Bacillus_bataviensis_LMG_21833_	Neorhizobium_galegae_bv_orientalis_str_HAMBI_540_	M_arg__L_e	0.1818181818181818	0.02	1	0.0036363636363636	1773.Turdus.oliv1.lgi
all	minimal	Bacillus_bataviensis_LMG_21833_	Neorhizobium_galegae_bv_orientalis_str_HAMBI_540_	M_cgly_e	0.1818181818181818	0.02	1	0.0036363636363636	1773.Turdus.oliv1.lgi
all	minimal	Bacillus_bataviensis_LMG_21833_	Neorhizobium_galegae_bv_orientalis_str_HAMBI_540_	M_fe2_e	0.1818181818181818	0.98	1	0.1781818181818182	1773.Turdus.oliv1.lgi
all	minimal	Bacillus_bataviensis_LMG_21833_	Neorhizobium_galegae_bv_orientalis_str_HAMBI_540_	M_fe3_e	0.1818181818181818	0.39	1	0.0709090909090909	1773.Turdus.oliv1.lgi
all	minimal	Bacillus_bataviensis_LMG_21833_	Neorhizobium_galegae_bv_orientalis_str_HAMBI_540_	M_fe3pyovd_kt_e	0.1818181818181818	0.01	1	0.0018181818181818	1773.Turdus.oliv1.lgi
all	minimal	Bacillus_bataviensis_LMG_21833_	Neorhizobium_galegae_bv_orientalis_str_HAMBI_540_	M_glc__D_e	0.1818181818181818	0.01	1	0.0018181818181818	1773.Turdus.oliv1.lgi
all	minimal	Bacillus_bataviensis_LMG_21833_	Neorhizobium_galegae_bv_orientalis_str_HAMBI_540_	M_glu__L_e	0.1818181818181818	0.01	1	0.0018181818181818	1773.Turdus.oliv1.lgi
all	minimal	Bacillus_bataviensis_LMG_21833_	Neorhizobium_galegae_bv_orientalis_str_HAMBI_540_	M_glyc3p_e	0.1818181818181818	0.01	1	0.0018181818181818	1773.Turdus.oliv1.lgi
all	minimal	Bacillus_bataviensis_LMG_21833_	Neorhizobium_galegae_bv_orientalis_str_HAMBI_540_	M_glyc_e	0.1818181818181818	0.01	1	0.0018181818181818	1773.Turdus.oliv1.lgi
all	minimal	Bacillus_bataviensis_LMG_21833_	Neorhizobium_galegae_bv_orientalis_str_HAMBI_540_	M_gthrd_e	0.1818181818181818	0.01	1	0.0018181818181818	1773.Turdus.oliv1.lgi
all	minimal	Bacillus_bataviensis_LMG_21833_	Neorhizobium_galegae_bv_orientalis_str_HAMBI_540_	M_h2o_e	0.1818181818181818	0.01	1	0.0018181818181818	1773.Turdus.oliv1.lgi
all	minimal	Bacillus_bataviensis_LMG_21833_	Neorhizobium_galegae_bv_orientalis_str_HAMBI_540_	M_h2s_e	0.1818181818181818	0.56	1	0.1018181818181818	1773.Turdus.oliv1.lgi
all	minimal	Bacillus_bataviensis_LMG_21833_	Neorhizobium_galegae_bv_orientalis_str_HAMBI_540_	M_h_e	0.1818181818181818	0.02	1	0.0036363636363636	1773.Turdus.oliv1.lgi
all	minimal	Bacillus_bataviensis_LMG_21833_	Streptomyces_cinnamoneus_ATCC_12686_	M_alaala_e	0.7272727272727273	0.01	1	0.0072727272727272	1773.Turdus.oliv1.lgi
all	minimal	Bacillus_bataviensis_LMG_21833_	Streptomyces_cinnamoneus_ATCC_12686_	M_arg__L_e	0.7272727272727273	0.02	1	0.0145454545454545	1773.Turdus.oliv1.lgi
all	minimal	Bacillus_bataviensis_LMG_21833_	Streptomyces_cinnamoneus_ATCC_12686_	M_cgly_e	0.7272727272727273	0.02	1	0.0145454545454545	1773.Turdus.oliv1.lgi
all	minimal	Bacillus_bataviensis_LMG_21833_	Streptomyces_cinnamoneus_ATCC_12686_	M_fe2_e	0.7272727272727273	0.98	1	0.7127272727272728	1773.Turdus.oliv1.lgi
all	minimal	Bacillus_bataviensis_LMG_21833_	Streptomyces_cinnamoneus_ATCC_12686_	M_fe3_e	0.7272727272727273	0.39	1	0.2836363636363636	1773.Turdus.oliv1.lgi
all	minimal	Bacillus_bataviensis_LMG_21833_	Streptomyces_cinnamoneus_ATCC_12686_	M_fe3pyovd_kt_e	0.7272727272727273	0.01	1	0.0072727272727272	1773.Turdus.oliv1.lgi
all	minimal	Bacillus_bataviensis_LMG_21833_	Streptomyces_cinnamoneus_ATCC_12686_	M_glu__L_e	0.7272727272727273	0.01	1	0.0072727272727272	1773.Turdus.oliv1.lgi
all	minimal	Bacillus_bataviensis_LMG_21833_	Streptomyces_cinnamoneus_ATCC_12686_	M_glyald_e	0.7272727272727273	0.01	1	0.0072727272727272	1773.Turdus.oliv1.lgi
all	minimal	Bacillus_bataviensis_LMG_21833_	Streptomyces_cinnamoneus_ATCC_12686_	M_glyc_e	0.7272727272727273	0.01	1	0.0072727272727272	1773.Turdus.oliv1.lgi
all	minimal	Bacillus_bataviensis_LMG_21833_	Streptomyces_cinnamoneus_ATCC_12686_	M_gthrd_e	0.7272727272727273	0.01	1	0.0072727272727272	1773.Turdus.oliv1.lgi
all	minimal	Bacillus_bataviensis_LMG_21833_	Streptomyces_cinnamoneus_ATCC_12686_	M_h2o_e	0.7272727272727273	0.01	1	0.0072727272727272	1773.Turdus.oliv1.lgi
all	minimal	Bacillus_bataviensis_LMG_21833_	Streptomyces_cinnamoneus_ATCC_12686_	M_h2s_e	0.7272727272727273	0.56	1	0.4072727272727273	1773.Turdus.oliv1.lgi
all	minimal	Bacillus_bataviensis_LMG_21833_	Streptomyces_cinnamoneus_ATCC_12686_	M_h_e	0.7272727272727273	0.02	1	0.0145454545454545	1773.Turdus.oliv1.lgi
all	minimal	Bacillus_bataviensis_LMG_21833_	Streptomyces_cinnamoneus_ATCC_12686_	M_istfrnB_e	0.7272727272727273	0.02	1	0.0145454545454545	1773.Turdus.oliv1.lgi
all	minimal	Bacillus_bataviensis_LMG_21833_	Streptomyces_cinnamoneus_ATCC_12686_	M_o2_e	0.7272727272727273	0.02	1	0.0145454545454545	1773.Turdus.oliv1.lgi
all	minimal	Bacillus_bataviensis_LMG_21833_	Weissella_koreensis_KACC_15510_	M_fe3_e	0.0909090909090909	0.39	1	0.0354545454545454	1773.Turdus.oliv1.lgi
all	minimal	Bacillus_bataviensis_LMG_21833_	Weissella_koreensis_KACC_15510_	M_fe3pyovd_kt_e	0.0909090909090909	0.01	1	0.0009090909090909	1773.Turdus.oliv1.lgi
all	minimal	Bacillus_bataviensis_LMG_21833_	Weissella_koreensis_KACC_15510_	M_glyald_e	0.0909090909090909	0.01	1	0.0009090909090909	1773.Turdus.oliv1.lgi
all	minimal	Bacillus_bataviensis_LMG_21833_	Weissella_koreensis_KACC_15510_	M_glyc_e	0.0909090909090909	0.01	1	0.0009090909090909	1773.Turdus.oliv1.lgi
all	minimal	Bacillus_bataviensis_LMG_21833_	Weissella_koreensis_KACC_15510_	M_h2o_e	0.0909090909090909	0.01	1	0.0009090909090909	1773.Turdus.oliv1.lgi
all	minimal	Bacillus_bataviensis_LMG_21833_	Weissella_koreensis_KACC_15510_	M_h2s_e	0.0909090909090909	0.56	1	0.0509090909090909	1773.Turdus.oliv1.lgi
all	minimal	Bacillus_bataviensis_LMG_21833_	Weissella_koreensis_KACC_15510_	M_h_e	0.0909090909090909	0.02	1	0.0018181818181818	1773.Turdus.oliv1.lgi
all	minimal	Bacillus_humi_DSM_16318_	Bacillus_bataviensis_LMG_21833_	M_acald_e	0.5714285714285714	0.01	1	0.0057142857142857	1773.Turdus.oliv1.lgi
all	minimal	Bacillus_humi_DSM_16318_	Bacillus_bataviensis_LMG_21833_	M_arg__L_e	0.5714285714285714	0.02	1	0.0114285714285714	1773.Turdus.oliv1.lgi
all	minimal	Bacillus_humi_DSM_16318_	Bacillus_bataviensis_LMG_21833_	M_cgly_e	0.5714285714285714	0.01	1	0.0057142857142857	1773.Turdus.oliv1.lgi
all	minimal	Bacillus_humi_DSM_16318_	Bacillus_bataviensis_LMG_21833_	M_cit_e	0.5714285714285714	0.01	1	0.0057142857142857	1773.Turdus.oliv1.lgi
all	minimal	Bacillus_humi_DSM_16318_	Bacillus_bataviensis_LMG_21833_	M_cu2_e	0.5714285714285714	0.96	1	0.5485714285714285	1773.Turdus.oliv1.lgi
all	minimal	Bacillus_humi_DSM_16318_	Bacillus_bataviensis_LMG_21833_	M_etoh_e	0.5714285714285714	0.01	1	0.0057142857142857	1773.Turdus.oliv1.lgi
all	minimal	Bacillus_humi_DSM_16318_	Bacillus_bataviensis_LMG_21833_	M_fe2_e	0.5714285714285714	0.04	1	0.0228571428571428	1773.Turdus.oliv1.lgi
all	minimal	Bacillus_humi_DSM_16318_	Bacillus_bataviensis_LMG_21833_	M_fe3pyovd_kt_e	0.5714285714285714	0.82	1	0.4685714285714285	1773.Turdus.oliv1.lgi
all	minimal	Bacillus_humi_DSM_16318_	Bacillus_bataviensis_LMG_21833_	M_glc__D_e	0.5714285714285714	0.01	1	0.0057142857142857	1773.Turdus.oliv1.lgi
all	minimal	Bacillus_humi_DSM_16318_	Bacillus_bataviensis_LMG_21833_	M_glyc_e	0.5714285714285714	0.01	1	0.0057142857142857	1773.Turdus.oliv1.lgi
all	minimal	Bacillus_humi_DSM_16318_	Bacillus_bataviensis_LMG_21833_	M_h2s_e	0.5714285714285714	0.01	1	0.0057142857142857	1773.Turdus.oliv1.lgi
all	minimal	Bacillus_humi_DSM_16318_	Bacillus_bataviensis_LMG_21833_	M_h_e	0.5714285714285714	0.01	1	0.0057142857142857	1773.Turdus.oliv1.lgi
all	minimal	Bacillus_humi_DSM_16318_	Bacillus_bataviensis_LMG_21833_	M_lys__L_e	0.5714285714285714	0.01	1	0.0057142857142857	1773.Turdus.oliv1.lgi
all	minimal	Bacillus_humi_DSM_16318_	Bacillus_bataviensis_LMG_21833_	M_nh4_e	0.5714285714285714	0.01	1	0.0057142857142857	1773.Turdus.oliv1.lgi
all	minimal	Bacillus_humi_DSM_16318_	Bacillus_bataviensis_LMG_21833_	M_o2_e	0.5714285714285714	1.0	1	0.5714285714285714	1773.Turdus.oliv1.lgi
all	minimal	Bacillus_humi_DSM_16318_	Bacillus_bataviensis_LMG_21833_	M_thym_e	0.5714285714285714	0.01	1	0.0057142857142857	1773.Turdus.oliv1.lgi
all	minimal	Bacillus_humi_DSM_16318_	Bacillus_bataviensis_LMG_21833_	M_ura_e	0.5714285714285714	0.02	1	0.0114285714285714	1773.Turdus.oliv1.lgi
all	minimal	Bacillus_humi_DSM_16318_	Bacillus_pumilus_SH_B9_	M_acald_e	0.4285714285714285	0.01	1	0.0042857142857142	1773.Turdus.oliv1.lgi
all	minimal	Bacillus_humi_DSM_16318_	Bacillus_pumilus_SH_B9_	M_arg__L_e	0.4285714285714285	0.02	1	0.0085714285714285	1773.Turdus.oliv1.lgi
all	minimal	Bacillus_humi_DSM_16318_	Bacillus_pumilus_SH_B9_	M_cgly_e	0.4285714285714285	0.01	1	0.0042857142857142	1773.Turdus.oliv1.lgi
all	minimal	Bacillus_humi_DSM_16318_	Bacillus_pumilus_SH_B9_	M_cu2_e	0.4285714285714285	0.96	1	0.4114285714285713	1773.Turdus.oliv1.lgi
all	minimal	Bacillus_humi_DSM_16318_	Bacillus_pumilus_SH_B9_	M_etoh_e	0.4285714285714285	0.01	1	0.0042857142857142	1773.Turdus.oliv1.lgi
all	minimal	Bacillus_humi_DSM_16318_	Bacillus_pumilus_SH_B9_	M_fe2_e	0.4285714285714285	0.04	1	0.0171428571428571	1773.Turdus.oliv1.lgi
all	minimal	Bacillus_humi_DSM_16318_	Bacillus_pumilus_SH_B9_	M_fe3pyovd_kt_e	0.4285714285714285	0.82	1	0.3514285714285713	1773.Turdus.oliv1.lgi
all	minimal	Bacillus_humi_DSM_16318_	Bacillus_pumilus_SH_B9_	M_glc__D_e	0.4285714285714285	0.01	1	0.0042857142857142	1773.Turdus.oliv1.lgi
all	minimal	Bacillus_humi_DSM_16318_	Bacillus_pumilus_SH_B9_	M_glyc_e	0.4285714285714285	0.01	1	0.0042857142857142	1773.Turdus.oliv1.lgi
all	minimal	Bacillus_humi_DSM_16318_	Bacillus_pumilus_SH_B9_	M_h2s_e	0.4285714285714285	0.01	1	0.0042857142857142	1773.Turdus.oliv1.lgi
all	minimal	Bacillus_humi_DSM_16318_	Bacillus_pumilus_SH_B9_	M_h_e	0.4285714285714285	0.01	1	0.0042857142857142	1773.Turdus.oliv1.lgi
all	minimal	Bacillus_humi_DSM_16318_	Bacillus_pumilus_SH_B9_	M_istfrnB_e	0.4285714285714285	0.14	1	0.06	1773.Turdus.oliv1.lgi
all	minimal	Bacillus_humi_DSM_16318_	Bacillus_pumilus_SH_B9_	M_lys__L_e	0.4285714285714285	0.01	1	0.0042857142857142	1773.Turdus.oliv1.lgi
all	minimal	Bacillus_humi_DSM_16318_	Bacillus_pumilus_SH_B9_	M_mal__L_e	0.4285714285714285	0.01	1	0.0042857142857142	1773.Turdus.oliv1.lgi
all	minimal	Bacillus_humi_DSM_16318_	Bacillus_pumilus_SH_B9_	M_nh4_e	0.4285714285714285	0.01	1	0.0042857142857142	1773.Turdus.oliv1.lgi
all	minimal	Bacillus_humi_DSM_16318_	Bacillus_pumilus_SH_B9_	M_succ_e	0.4285714285714285	0.01	1	0.0042857142857142	1773.Turdus.oliv1.lgi
all	minimal	Bacillus_humi_DSM_16318_	Cronobacter_sakazakii_ATCC_29544_	M_3amp_e	1.0	1.0	1	1.0	1773.Turdus.oliv1.lgi
all	minimal	Bacillus_humi_DSM_16318_	Cronobacter_sakazakii_ATCC_29544_	M_LalaDgluMdap_e	1.0	0.01	1	0.01	1773.Turdus.oliv1.lgi
all	minimal	Bacillus_humi_DSM_16318_	Cronobacter_sakazakii_ATCC_29544_	M_acald_e	1.0	0.01	1	0.01	1773.Turdus.oliv1.lgi
all	minimal	Bacillus_humi_DSM_16318_	Cronobacter_sakazakii_ATCC_29544_	M_arg__L_e	1.0	0.02	1	0.02	1773.Turdus.oliv1.lgi
all	minimal	Bacillus_humi_DSM_16318_	Cronobacter_sakazakii_ATCC_29544_	M_cellb_e	1.0	0.02	1	0.02	1773.Turdus.oliv1.lgi
all	minimal	Bacillus_humi_DSM_16318_	Cronobacter_sakazakii_ATCC_29544_	M_cgly_e	1.0	0.01	1	0.01	1773.Turdus.oliv1.lgi
all	minimal	Bacillus_humi_DSM_16318_	Cronobacter_sakazakii_ATCC_29544_	M_cu2_e	1.0	0.96	1	0.96	1773.Turdus.oliv1.lgi
all	minimal	Bacillus_humi_DSM_16318_	Cronobacter_sakazakii_ATCC_29544_	M_etoh_e	1.0	0.01	1	0.01	1773.Turdus.oliv1.lgi
all	minimal	Bacillus_humi_DSM_16318_	Cronobacter_sakazakii_ATCC_29544_	M_fe2_e	1.0	0.04	1	0.04	1773.Turdus.oliv1.lgi
all	minimal	Bacillus_humi_DSM_16318_	Cronobacter_sakazakii_ATCC_29544_	M_fe3pyovd_kt_e	1.0	0.82	1	0.82	1773.Turdus.oliv1.lgi
all	minimal	Bacillus_humi_DSM_16318_	Cronobacter_sakazakii_ATCC_29544_	M_glc__D_e	1.0	0.01	1	0.01	1773.Turdus.oliv1.lgi
all	minimal	Bacillus_humi_DSM_16318_	Cronobacter_sakazakii_ATCC_29544_	M_gly_e	1.0	0.01	1	0.01	1773.Turdus.oliv1.lgi
all	minimal	Bacillus_humi_DSM_16318_	Cronobacter_sakazakii_ATCC_29544_	M_glyc_e	1.0	0.01	1	0.01	1773.Turdus.oliv1.lgi
all	minimal	Bacillus_humi_DSM_16318_	Cronobacter_sakazakii_ATCC_29544_	M_h2s_e	1.0	0.01	1	0.01	1773.Turdus.oliv1.lgi
all	minimal	Bacillus_humi_DSM_16318_	Cronobacter_sakazakii_ATCC_29544_	M_h_e	1.0	0.01	1	0.01	1773.Turdus.oliv1.lgi
all	minimal	Bacillus_humi_DSM_16318_	Cronobacter_sakazakii_ATCC_29544_	M_lys__L_e	1.0	0.01	1	0.01	1773.Turdus.oliv1.lgi
all	minimal	Bacillus_humi_DSM_16318_	Cronobacter_sakazakii_ATCC_29544_	M_mal__L_e	1.0	0.01	1	0.01	1773.Turdus.oliv1.lgi
all	minimal	Bacillus_humi_DSM_16318_	Cronobacter_sakazakii_ATCC_29544_	M_nh4_e	1.0	0.01	1	0.01	1773.Turdus.oliv1.lgi
all	minimal	Bacillus_humi_DSM_16318_	Cronobacter_sakazakii_ATCC_29544_	M_ptrc_e	1.0	0.01	1	0.01	1773.Turdus.oliv1.lgi
all	minimal	Bacillus_humi_DSM_16318_	Cronobacter_sakazakii_ATCC_29544_	M_succ_e	1.0	0.01	1	0.01	1773.Turdus.oliv1.lgi
all	minimal	Bacillus_humi_DSM_16318_	Cronobacter_sakazakii_ATCC_29544_	M_xyl__D_e	1.0	0.01	1	0.01	1773.Turdus.oliv1.lgi
all	minimal	Bacillus_humi_DSM_16318_	Lactobacillus_acidipiscis_ACA_DC_1533_	M_acald_e	0.4285714285714285	0.01	1	0.0042857142857142	1773.Turdus.oliv1.lgi
all	minimal	Bacillus_humi_DSM_16318_	Lactobacillus_acidipiscis_ACA_DC_1533_	M_cu2_e	0.4285714285714285	0.96	1	0.4114285714285713	1773.Turdus.oliv1.lgi
all	minimal	Bacillus_humi_DSM_16318_	Lactobacillus_acidipiscis_ACA_DC_1533_	M_etoh_e	0.4285714285714285	0.01	1	0.0042857142857142	1773.Turdus.oliv1.lgi
all	minimal	Bacillus_humi_DSM_16318_	Lactobacillus_acidipiscis_ACA_DC_1533_	M_fe2_e	0.4285714285714285	0.04	1	0.0171428571428571	1773.Turdus.oliv1.lgi
all	minimal	Bacillus_humi_DSM_16318_	Lactobacillus_acidipiscis_ACA_DC_1533_	M_fe3pyovd_kt_e	0.4285714285714285	0.82	1	0.3514285714285713	1773.Turdus.oliv1.lgi
all	minimal	Bacillus_humi_DSM_16318_	Lactobacillus_acidipiscis_ACA_DC_1533_	M_glc__D_e	0.4285714285714285	0.01	1	0.0042857142857142	1773.Turdus.oliv1.lgi
all	minimal	Bacillus_humi_DSM_16318_	Lactobacillus_acidipiscis_ACA_DC_1533_	M_glyc_e	0.4285714285714285	0.01	1	0.0042857142857142	1773.Turdus.oliv1.lgi
all	minimal	Bacillus_humi_DSM_16318_	Lactobacillus_acidipiscis_ACA_DC_1533_	M_h2s_e	0.4285714285714285	0.01	1	0.0042857142857142	1773.Turdus.oliv1.lgi
all	minimal	Bacillus_humi_DSM_16318_	Lactobacillus_acidipiscis_ACA_DC_1533_	M_h_e	0.4285714285714285	0.01	1	0.0042857142857142	1773.Turdus.oliv1.lgi
all	minimal	Bacillus_humi_DSM_16318_	Lactobacillus_acidipiscis_ACA_DC_1533_	M_istfrnB_e	0.4285714285714285	0.14	1	0.06	1773.Turdus.oliv1.lgi
all	minimal	Bacillus_humi_DSM_16318_	Lactobacillus_acidipiscis_ACA_DC_1533_	M_lys__L_e	0.4285714285714285	0.01	1	0.0042857142857142	1773.Turdus.oliv1.lgi
all	minimal	Bacillus_humi_DSM_16318_	Lactobacillus_acidipiscis_ACA_DC_1533_	M_mal__L_e	0.4285714285714285	0.01	1	0.0042857142857142	1773.Turdus.oliv1.lgi
all	minimal	Bacillus_humi_DSM_16318_	Lactobacillus_acidipiscis_ACA_DC_1533_	M_nh4_e	0.4285714285714285	0.01	1	0.0042857142857142	1773.Turdus.oliv1.lgi
all	minimal	Bacillus_humi_DSM_16318_	Lactobacillus_acidipiscis_ACA_DC_1533_	M_succ_e	0.4285714285714285	0.01	1	0.0042857142857142	1773.Turdus.oliv1.lgi
all	minimal	Bacillus_humi_DSM_16318_	Lactobacillus_acidipiscis_ACA_DC_1533_	M_thym_e	0.4285714285714285	0.01	1	0.0042857142857142	1773.Turdus.oliv1.lgi
all	minimal	Bacillus_humi_DSM_16318_	Streptomyces_cinnamoneus_ATCC_12686_	M_LalaDgluMdap_e	0.4285714285714285	0.01	1	0.0042857142857142	1773.Turdus.oliv1.lgi
all	minimal	Bacillus_humi_DSM_16318_	Streptomyces_cinnamoneus_ATCC_12686_	M_acald_e	0.4285714285714285	0.01	1	0.0042857142857142	1773.Turdus.oliv1.lgi
all	minimal	Bacillus_humi_DSM_16318_	Streptomyces_cinnamoneus_ATCC_12686_	M_arg__L_e	0.4285714285714285	0.02	1	0.0085714285714285	1773.Turdus.oliv1.lgi
all	minimal	Bacillus_humi_DSM_16318_	Streptomyces_cinnamoneus_ATCC_12686_	M_cgly_e	0.4285714285714285	0.01	1	0.0042857142857142	1773.Turdus.oliv1.lgi
all	minimal	Bacillus_humi_DSM_16318_	Streptomyces_cinnamoneus_ATCC_12686_	M_fe2_e	0.4285714285714285	0.04	1	0.0171428571428571	1773.Turdus.oliv1.lgi
all	minimal	Bacillus_humi_DSM_16318_	Streptomyces_cinnamoneus_ATCC_12686_	M_fe3pyovd_kt_e	0.4285714285714285	0.82	1	0.3514285714285713	1773.Turdus.oliv1.lgi
all	minimal	Bacillus_humi_DSM_16318_	Streptomyces_cinnamoneus_ATCC_12686_	M_glyc_e	0.4285714285714285	0.01	1	0.0042857142857142	1773.Turdus.oliv1.lgi
all	minimal	Bacillus_humi_DSM_16318_	Streptomyces_cinnamoneus_ATCC_12686_	M_h2s_e	0.4285714285714285	0.01	1	0.0042857142857142	1773.Turdus.oliv1.lgi
all	minimal	Bacillus_humi_DSM_16318_	Streptomyces_cinnamoneus_ATCC_12686_	M_h_e	0.4285714285714285	0.01	1	0.0042857142857142	1773.Turdus.oliv1.lgi
all	minimal	Bacillus_humi_DSM_16318_	Streptomyces_cinnamoneus_ATCC_12686_	M_istfrnB_e	0.4285714285714285	0.14	1	0.06	1773.Turdus.oliv1.lgi
all	minimal	Bacillus_humi_DSM_16318_	Streptomyces_cinnamoneus_ATCC_12686_	M_lys__L_e	0.4285714285714285	0.01	1	0.0042857142857142	1773.Turdus.oliv1.lgi
all	minimal	Bacillus_humi_DSM_16318_	Streptomyces_cinnamoneus_ATCC_12686_	M_nh4_e	0.4285714285714285	0.01	1	0.0042857142857142	1773.Turdus.oliv1.lgi
all	minimal	Bacillus_humi_DSM_16318_	Streptomyces_cinnamoneus_ATCC_12686_	M_o2_e	0.4285714285714285	1.0	1	0.4285714285714285	1773.Turdus.oliv1.lgi
all	minimal	Bacillus_pumilus_SH_B9_	Bacillus_bataviensis_LMG_21833_	M_acald_e	1.0	0.01	1	0.01	1773.Turdus.oliv1.lgi
all	minimal	Bacillus_pumilus_SH_B9_	Bacillus_bataviensis_LMG_21833_	M_ala__D_e	1.0	0.01	1	0.01	1773.Turdus.oliv1.lgi
all	minimal	Bacillus_pumilus_SH_B9_	Bacillus_bataviensis_LMG_21833_	M_arg__L_e	1.0	0.01	1	0.01	1773.Turdus.oliv1.lgi
all	minimal	Bacillus_pumilus_SH_B9_	Bacillus_bataviensis_LMG_21833_	M_cgly_e	1.0	0.01	1	0.01	1773.Turdus.oliv1.lgi
all	minimal	Bacillus_pumilus_SH_B9_	Bacillus_bataviensis_LMG_21833_	M_cit_e	1.0	1.0	1	1.0	1773.Turdus.oliv1.lgi
all	minimal	Bacillus_pumilus_SH_B9_	Bacillus_bataviensis_LMG_21833_	M_cu2_e	1.0	0.97	1	0.97	1773.Turdus.oliv1.lgi
all	minimal	Bacillus_pumilus_SH_B9_	Bacillus_bataviensis_LMG_21833_	M_etoh_e	1.0	0.01	1	0.01	1773.Turdus.oliv1.lgi
all	minimal	Bacillus_pumilus_SH_B9_	Bacillus_bataviensis_LMG_21833_	M_fe2_e	1.0	1.0	1	1.0	1773.Turdus.oliv1.lgi
all	minimal	Bacillus_pumilus_SH_B9_	Bacillus_bataviensis_LMG_21833_	M_glc__D_e	1.0	0.02	1	0.02	1773.Turdus.oliv1.lgi
all	minimal	Bacillus_pumilus_SH_B9_	Bacillus_bataviensis_LMG_21833_	M_glyald_e	1.0	0.01	1	0.01	1773.Turdus.oliv1.lgi
all	minimal	Bacillus_pumilus_SH_B9_	Bacillus_bataviensis_LMG_21833_	M_glyc_e	1.0	0.01	1	0.01	1773.Turdus.oliv1.lgi
all	minimal	Bacillus_pumilus_SH_B9_	Bacillus_bataviensis_LMG_21833_	M_gthrd_e	1.0	0.01	1	0.01	1773.Turdus.oliv1.lgi
all	minimal	Bacillus_pumilus_SH_B9_	Bacillus_bataviensis_LMG_21833_	M_h2o_e	1.0	0.01	1	0.01	1773.Turdus.oliv1.lgi
all	minimal	Bacillus_pumilus_SH_B9_	Bacillus_bataviensis_LMG_21833_	M_h2s_e	1.0	0.01	1	0.01	1773.Turdus.oliv1.lgi
all	minimal	Bacillus_pumilus_SH_B9_	Bacillus_bataviensis_LMG_21833_	M_h_e	1.0	0.02	1	0.02	1773.Turdus.oliv1.lgi
all	minimal	Bacillus_pumilus_SH_B9_	Bacillus_bataviensis_LMG_21833_	M_lys__L_e	1.0	0.01	1	0.01	1773.Turdus.oliv1.lgi
all	minimal	Bacillus_pumilus_SH_B9_	Bacillus_bataviensis_LMG_21833_	M_o2_e	1.0	1.0	1	1.0	1773.Turdus.oliv1.lgi
all	minimal	Bacillus_pumilus_SH_B9_	Bacillus_bataviensis_LMG_21833_	M_s_e	1.0	0.28	1	0.28	1773.Turdus.oliv1.lgi
all	minimal	Bacillus_pumilus_SH_B9_	Bacillus_bataviensis_LMG_21833_	M_udcpp_e	1.0	1.0	1	1.0	1773.Turdus.oliv1.lgi
all	minimal	Bacillus_pumilus_SH_B9_	Bacillus_humi_DSM_16318_	M_acald_e	0.4	0.01	1	0.004	1773.Turdus.oliv1.lgi
all	minimal	Bacillus_pumilus_SH_B9_	Bacillus_humi_DSM_16318_	M_arg__L_e	0.4	0.01	1	0.004	1773.Turdus.oliv1.lgi
all	minimal	Bacillus_pumilus_SH_B9_	Bacillus_humi_DSM_16318_	M_cu2_e	0.4	0.97	1	0.388	1773.Turdus.oliv1.lgi
all	minimal	Bacillus_pumilus_SH_B9_	Bacillus_humi_DSM_16318_	M_etoh_e	0.4	0.01	1	0.004	1773.Turdus.oliv1.lgi
all	minimal	Bacillus_pumilus_SH_B9_	Bacillus_humi_DSM_16318_	M_fe2_e	0.4	1.0	1	0.4	1773.Turdus.oliv1.lgi
all	minimal	Bacillus_pumilus_SH_B9_	Bacillus_humi_DSM_16318_	M_glc__D_e	0.4	0.02	1	0.008	1773.Turdus.oliv1.lgi
all	minimal	Bacillus_pumilus_SH_B9_	Bacillus_humi_DSM_16318_	M_glcr_e	0.4	0.01	1	0.004	1773.Turdus.oliv1.lgi
all	minimal	Bacillus_pumilus_SH_B9_	Bacillus_humi_DSM_16318_	M_glyald_e	0.4	0.01	1	0.004	1773.Turdus.oliv1.lgi
all	minimal	Bacillus_pumilus_SH_B9_	Bacillus_humi_DSM_16318_	M_glyc_e	0.4	0.01	1	0.004	1773.Turdus.oliv1.lgi
all	minimal	Bacillus_pumilus_SH_B9_	Bacillus_humi_DSM_16318_	M_h2o_e	0.4	0.01	1	0.004	1773.Turdus.oliv1.lgi
all	minimal	Bacillus_pumilus_SH_B9_	Bacillus_humi_DSM_16318_	M_h2s_e	0.4	0.01	1	0.004	1773.Turdus.oliv1.lgi
all	minimal	Bacillus_pumilus_SH_B9_	Bacillus_humi_DSM_16318_	M_h_e	0.4	0.02	1	0.008	1773.Turdus.oliv1.lgi
all	minimal	Bacillus_pumilus_SH_B9_	Bacillus_humi_DSM_16318_	M_lys__L_e	0.4	0.01	1	0.004	1773.Turdus.oliv1.lgi
all	minimal	Bacillus_pumilus_SH_B9_	Bacillus_humi_DSM_16318_	M_mal__L_e	0.4	0.01	1	0.004	1773.Turdus.oliv1.lgi
all	minimal	Bacillus_pumilus_SH_B9_	Bacillus_humi_DSM_16318_	M_nac_e	0.4	0.01	1	0.004	1773.Turdus.oliv1.lgi
all	minimal	Bacillus_pumilus_SH_B9_	Campylobacter_jejuni_isolate_W1_	M_acald_e	0.1	0.01	1	0.001	1773.Turdus.oliv1.lgi
all	minimal	Bacillus_pumilus_SH_B9_	Campylobacter_jejuni_isolate_W1_	M_cu2_e	0.1	0.97	1	0.097	1773.Turdus.oliv1.lgi
all	minimal	Bacillus_pumilus_SH_B9_	Campylobacter_jejuni_isolate_W1_	M_etoh_e	0.1	0.01	1	0.001	1773.Turdus.oliv1.lgi
all	minimal	Bacillus_pumilus_SH_B9_	Campylobacter_jejuni_isolate_W1_	M_fe2_e	0.1	1.0	1	0.1	1773.Turdus.oliv1.lgi
all	minimal	Bacillus_pumilus_SH_B9_	Campylobacter_jejuni_isolate_W1_	M_h2o_e	0.1	0.01	1	0.001	1773.Turdus.oliv1.lgi
all	minimal	Bacillus_pumilus_SH_B9_	Campylobacter_jejuni_isolate_W1_	M_h2s_e	0.1	0.01	1	0.001	1773.Turdus.oliv1.lgi
all	minimal	Bacillus_pumilus_SH_B9_	Campylobacter_jejuni_isolate_W1_	M_h_e	0.1	0.02	1	0.002	1773.Turdus.oliv1.lgi
all	minimal	Bacillus_pumilus_SH_B9_	Campylobacter_jejuni_isolate_W1_	M_mal__L_e	0.1	0.01	1	0.001	1773.Turdus.oliv1.lgi
all	minimal	Bacillus_pumilus_SH_B9_	Campylobacter_jejuni_isolate_W1_	M_so3_e	0.1	0.61	1	0.061	1773.Turdus.oliv1.lgi
all	minimal	Bacillus_pumilus_SH_B9_	Cronobacter_sakazakii_ATCC_29544_	M_3amp_e	0.2	0.02	1	0.004	1773.Turdus.oliv1.lgi
all	minimal	Bacillus_pumilus_SH_B9_	Cronobacter_sakazakii_ATCC_29544_	M_LalaDgluMdapDala_e	0.2	0.01	1	0.002	1773.Turdus.oliv1.lgi
all	minimal	Bacillus_pumilus_SH_B9_	Cronobacter_sakazakii_ATCC_29544_	M_acald_e	0.2	0.01	1	0.002	1773.Turdus.oliv1.lgi
all	minimal	Bacillus_pumilus_SH_B9_	Cronobacter_sakazakii_ATCC_29544_	M_ala__D_e	0.2	0.01	1	0.002	1773.Turdus.oliv1.lgi
all	minimal	Bacillus_pumilus_SH_B9_	Cronobacter_sakazakii_ATCC_29544_	M_arg__L_e	0.2	0.01	1	0.002	1773.Turdus.oliv1.lgi
all	minimal	Bacillus_pumilus_SH_B9_	Cronobacter_sakazakii_ATCC_29544_	M_asp__L_e	0.2	0.03	1	0.006	1773.Turdus.oliv1.lgi
all	minimal	Bacillus_pumilus_SH_B9_	Cronobacter_sakazakii_ATCC_29544_	M_cellb_e	0.2	0.04	1	0.008	1773.Turdus.oliv1.lgi
all	minimal	Bacillus_pumilus_SH_B9_	Cronobacter_sakazakii_ATCC_29544_	M_cgly_e	0.2	0.01	1	0.002	1773.Turdus.oliv1.lgi
all	minimal	Bacillus_pumilus_SH_B9_	Cronobacter_sakazakii_ATCC_29544_	M_cu2_e	0.2	0.97	1	0.194	1773.Turdus.oliv1.lgi
all	minimal	Bacillus_pumilus_SH_B9_	Cronobacter_sakazakii_ATCC_29544_	M_etoh_e	0.2	0.01	1	0.002	1773.Turdus.oliv1.lgi
all	minimal	Bacillus_pumilus_SH_B9_	Cronobacter_sakazakii_ATCC_29544_	M_fe2_e	0.2	1.0	1	0.2	1773.Turdus.oliv1.lgi
all	minimal	Bacillus_pumilus_SH_B9_	Cronobacter_sakazakii_ATCC_29544_	M_g3pg_e	0.2	0.97	1	0.194	1773.Turdus.oliv1.lgi
all	minimal	Bacillus_pumilus_SH_B9_	Cronobacter_sakazakii_ATCC_29544_	M_glc__D_e	0.2	0.02	1	0.004	1773.Turdus.oliv1.lgi
all	minimal	Bacillus_pumilus_SH_B9_	Cronobacter_sakazakii_ATCC_29544_	M_glyald_e	0.2	0.01	1	0.002	1773.Turdus.oliv1.lgi
all	minimal	Bacillus_pumilus_SH_B9_	Cronobacter_sakazakii_ATCC_29544_	M_glyc3p_e	0.2	0.03	1	0.006	1773.Turdus.oliv1.lgi
all	minimal	Bacillus_pumilus_SH_B9_	Cronobacter_sakazakii_ATCC_29544_	M_glyc_e	0.2	0.01	1	0.002	1773.Turdus.oliv1.lgi
all	minimal	Bacillus_pumilus_SH_B9_	Cronobacter_sakazakii_ATCC_29544_	M_gthrd_e	0.2	0.01	1	0.002	1773.Turdus.oliv1.lgi
all	minimal	Bacillus_pumilus_SH_B9_	Cronobacter_sakazakii_ATCC_29544_	M_h2o_e	0.2	0.01	1	0.002	1773.Turdus.oliv1.lgi
all	minimal	Bacillus_pumilus_SH_B9_	Cronobacter_sakazakii_ATCC_29544_	M_h2s_e	0.2	0.01	1	0.002	1773.Turdus.oliv1.lgi
all	minimal	Bacillus_pumilus_SH_B9_	Cronobacter_sakazakii_ATCC_29544_	M_h_e	0.2	0.02	1	0.004	1773.Turdus.oliv1.lgi
all	minimal	Bacillus_pumilus_SH_B9_	Cronobacter_sakazakii_ATCC_29544_	M_hxan_e	0.2	0.01	1	0.002	1773.Turdus.oliv1.lgi
all	minimal	Bacillus_pumilus_SH_B9_	Cronobacter_sakazakii_ATCC_29544_	M_lys__L_e	0.2	0.01	1	0.002	1773.Turdus.oliv1.lgi
all	minimal	Bacillus_pumilus_SH_B9_	Cronobacter_sakazakii_ATCC_29544_	M_mal__L_e	0.2	0.01	1	0.002	1773.Turdus.oliv1.lgi
all	minimal	Bacillus_pumilus_SH_B9_	Cronobacter_sakazakii_ATCC_29544_	M_orn_e	0.2	0.01	1	0.002	1773.Turdus.oliv1.lgi
all	minimal	Bacillus_pumilus_SH_B9_	Cronobacter_sakazakii_ATCC_29544_	M_s_e	0.2	0.28	1	0.056	1773.Turdus.oliv1.lgi
all	minimal	Bacillus_pumilus_SH_B9_	Enterococcus_malodoratus_ATCC_43197_	M_acald_e	0.1	0.01	1	0.001	1773.Turdus.oliv1.lgi
all	minimal	Bacillus_pumilus_SH_B9_	Enterococcus_malodoratus_ATCC_43197_	M_arg__L_e	0.1	0.01	1	0.001	1773.Turdus.oliv1.lgi
all	minimal	Bacillus_pumilus_SH_B9_	Enterococcus_malodoratus_ATCC_43197_	M_fe2_e	0.1	1.0	1	0.1	1773.Turdus.oliv1.lgi
all	minimal	Bacillus_pumilus_SH_B9_	Enterococcus_malodoratus_ATCC_43197_	M_glc__D_e	0.1	0.02	1	0.002	1773.Turdus.oliv1.lgi
all	minimal	Bacillus_pumilus_SH_B9_	Enterococcus_malodoratus_ATCC_43197_	M_glyald_e	0.1	0.01	1	0.001	1773.Turdus.oliv1.lgi
all	minimal	Bacillus_pumilus_SH_B9_	Enterococcus_malodoratus_ATCC_43197_	M_glyc_e	0.1	0.01	1	0.001	1773.Turdus.oliv1.lgi
all	minimal	Bacillus_pumilus_SH_B9_	Enterococcus_malodoratus_ATCC_43197_	M_h2o_e	0.1	0.01	1	0.001	1773.Turdus.oliv1.lgi
all	minimal	Bacillus_pumilus_SH_B9_	Enterococcus_malodoratus_ATCC_43197_	M_h2s_e	0.1	0.01	1	0.001	1773.Turdus.oliv1.lgi
all	minimal	Bacillus_pumilus_SH_B9_	Enterococcus_malodoratus_ATCC_43197_	M_h_e	0.1	0.02	1	0.002	1773.Turdus.oliv1.lgi
all	minimal	Bacillus_pumilus_SH_B9_	Enterococcus_malodoratus_ATCC_43197_	M_mal__L_e	0.1	0.01	1	0.001	1773.Turdus.oliv1.lgi
all	minimal	Bacillus_pumilus_SH_B9_	Enterococcus_malodoratus_ATCC_43197_	M_meoh_e	0.1	0.01	1	0.001	1773.Turdus.oliv1.lgi
all	minimal	Bacillus_pumilus_SH_B9_	Enterococcus_malodoratus_ATCC_43197_	M_orn_e	0.1	0.01	1	0.001	1773.Turdus.oliv1.lgi
all	minimal	Bacillus_pumilus_SH_B9_	Lactobacillus_acidipiscis_ACA_DC_1533_	M_acald_e	0.1	0.01	1	0.001	1773.Turdus.oliv1.lgi
all	minimal	Bacillus_pumilus_SH_B9_	Lactobacillus_acidipiscis_ACA_DC_1533_	M_ala__D_e	0.1	0.01	1	0.001	1773.Turdus.oliv1.lgi
all	minimal	Bacillus_pumilus_SH_B9_	Lactobacillus_acidipiscis_ACA_DC_1533_	M_asp__L_e	0.1	0.03	1	0.003	1773.Turdus.oliv1.lgi
all	minimal	Bacillus_pumilus_SH_B9_	Lactobacillus_acidipiscis_ACA_DC_1533_	M_cu2_e	0.1	0.97	1	0.097	1773.Turdus.oliv1.lgi
all	minimal	Bacillus_pumilus_SH_B9_	Lactobacillus_acidipiscis_ACA_DC_1533_	M_etoh_e	0.1	0.01	1	0.001	1773.Turdus.oliv1.lgi
all	minimal	Bacillus_pumilus_SH_B9_	Lactobacillus_acidipiscis_ACA_DC_1533_	M_fe2_e	0.1	1.0	1	0.1	1773.Turdus.oliv1.lgi
all	minimal	Bacillus_pumilus_SH_B9_	Lactobacillus_acidipiscis_ACA_DC_1533_	M_glc__D_e	0.1	0.02	1	0.002	1773.Turdus.oliv1.lgi
all	minimal	Bacillus_pumilus_SH_B9_	Lactobacillus_acidipiscis_ACA_DC_1533_	M_glyald_e	0.1	0.01	1	0.001	1773.Turdus.oliv1.lgi
all	minimal	Bacillus_pumilus_SH_B9_	Lactobacillus_acidipiscis_ACA_DC_1533_	M_glyc_e	0.1	0.01	1	0.001	1773.Turdus.oliv1.lgi
all	minimal	Bacillus_pumilus_SH_B9_	Lactobacillus_acidipiscis_ACA_DC_1533_	M_h2o_e	0.1	0.01	1	0.001	1773.Turdus.oliv1.lgi
all	minimal	Bacillus_pumilus_SH_B9_	Lactobacillus_acidipiscis_ACA_DC_1533_	M_h2s_e	0.1	0.01	1	0.001	1773.Turdus.oliv1.lgi
all	minimal	Bacillus_pumilus_SH_B9_	Lactobacillus_acidipiscis_ACA_DC_1533_	M_h_e	0.1	0.02	1	0.002	1773.Turdus.oliv1.lgi
all	minimal	Bacillus_pumilus_SH_B9_	Lactobacillus_acidipiscis_ACA_DC_1533_	M_inost_e	0.1	0.01	1	0.001	1773.Turdus.oliv1.lgi
all	minimal	Bacillus_pumilus_SH_B9_	Lactobacillus_acidipiscis_ACA_DC_1533_	M_lys__L_e	0.1	0.01	1	0.001	1773.Turdus.oliv1.lgi
all	minimal	Bacillus_pumilus_SH_B9_	Lactobacillus_acidipiscis_ACA_DC_1533_	M_mal__L_e	0.1	0.01	1	0.001	1773.Turdus.oliv1.lgi
all	minimal	Bacillus_pumilus_SH_B9_	Lactobacillus_acidipiscis_ACA_DC_1533_	M_so3_e	0.1	0.61	1	0.061	1773.Turdus.oliv1.lgi
all	minimal	Bacillus_pumilus_SH_B9_	Neorhizobium_galegae_bv_orientalis_str_HAMBI_540_	M_acald_e	0.2	0.01	1	0.002	1773.Turdus.oliv1.lgi
all	minimal	Bacillus_pumilus_SH_B9_	Neorhizobium_galegae_bv_orientalis_str_HAMBI_540_	M_arg__L_e	0.2	0.01	1	0.002	1773.Turdus.oliv1.lgi
all	minimal	Bacillus_pumilus_SH_B9_	Neorhizobium_galegae_bv_orientalis_str_HAMBI_540_	M_asp__L_e	0.2	0.03	1	0.006	1773.Turdus.oliv1.lgi
all	minimal	Bacillus_pumilus_SH_B9_	Neorhizobium_galegae_bv_orientalis_str_HAMBI_540_	M_cgly_e	0.2	0.01	1	0.002	1773.Turdus.oliv1.lgi
all	minimal	Bacillus_pumilus_SH_B9_	Neorhizobium_galegae_bv_orientalis_str_HAMBI_540_	M_etoh_e	0.2	0.01	1	0.002	1773.Turdus.oliv1.lgi
all	minimal	Bacillus_pumilus_SH_B9_	Neorhizobium_galegae_bv_orientalis_str_HAMBI_540_	M_fe2_e	0.2	1.0	1	0.2	1773.Turdus.oliv1.lgi
all	minimal	Bacillus_pumilus_SH_B9_	Neorhizobium_galegae_bv_orientalis_str_HAMBI_540_	M_glc__D_e	0.2	0.02	1	0.004	1773.Turdus.oliv1.lgi
all	minimal	Bacillus_pumilus_SH_B9_	Neorhizobium_galegae_bv_orientalis_str_HAMBI_540_	M_glyc3p_e	0.2	0.03	1	0.006	1773.Turdus.oliv1.lgi
all	minimal	Bacillus_pumilus_SH_B9_	Neorhizobium_galegae_bv_orientalis_str_HAMBI_540_	M_glyc_e	0.2	0.01	1	0.002	1773.Turdus.oliv1.lgi
all	minimal	Bacillus_pumilus_SH_B9_	Neorhizobium_galegae_bv_orientalis_str_HAMBI_540_	M_gthrd_e	0.2	0.01	1	0.002	1773.Turdus.oliv1.lgi
all	minimal	Bacillus_pumilus_SH_B9_	Neorhizobium_galegae_bv_orientalis_str_HAMBI_540_	M_h2o_e	0.2	0.01	1	0.002	1773.Turdus.oliv1.lgi
all	minimal	Bacillus_pumilus_SH_B9_	Neorhizobium_galegae_bv_orientalis_str_HAMBI_540_	M_h2s_e	0.2	0.01	1	0.002	1773.Turdus.oliv1.lgi
all	minimal	Bacillus_pumilus_SH_B9_	Neorhizobium_galegae_bv_orientalis_str_HAMBI_540_	M_h_e	0.2	0.02	1	0.004	1773.Turdus.oliv1.lgi
all	minimal	Bacillus_pumilus_SH_B9_	Neorhizobium_galegae_bv_orientalis_str_HAMBI_540_	M_lys__L_e	0.2	0.01	1	0.002	1773.Turdus.oliv1.lgi
all	minimal	Bacillus_pumilus_SH_B9_	Neorhizobium_galegae_bv_orientalis_str_HAMBI_540_	M_mal__L_e	0.2	0.01	1	0.002	1773.Turdus.oliv1.lgi
all	minimal	Bacillus_pumilus_SH_B9_	Neorhizobium_galegae_bv_orientalis_str_HAMBI_540_	M_meoh_e	0.2	0.01	1	0.002	1773.Turdus.oliv1.lgi
all	minimal	Bacillus_pumilus_SH_B9_	Neorhizobium_galegae_bv_orientalis_str_HAMBI_540_	M_orn_e	0.2	0.01	1	0.002	1773.Turdus.oliv1.lgi
all	minimal	Bacillus_pumilus_SH_B9_	Streptomyces_cinnamoneus_ATCC_12686_	M_LalaDgluMdapDala_e	0.7	0.01	1	0.0069999999999999	1773.Turdus.oliv1.lgi
all	minimal	Bacillus_pumilus_SH_B9_	Streptomyces_cinnamoneus_ATCC_12686_	M_acald_e	0.7	0.01	1	0.0069999999999999	1773.Turdus.oliv1.lgi
all	minimal	Bacillus_pumilus_SH_B9_	Streptomyces_cinnamoneus_ATCC_12686_	M_arg__L_e	0.7	0.01	1	0.0069999999999999	1773.Turdus.oliv1.lgi
all	minimal	Bacillus_pumilus_SH_B9_	Streptomyces_cinnamoneus_ATCC_12686_	M_cgly_e	0.7	0.01	1	0.0069999999999999	1773.Turdus.oliv1.lgi
all	minimal	Bacillus_pumilus_SH_B9_	Streptomyces_cinnamoneus_ATCC_12686_	M_fe2_e	0.7	1.0	1	0.7	1773.Turdus.oliv1.lgi
all	minimal	Bacillus_pumilus_SH_B9_	Streptomyces_cinnamoneus_ATCC_12686_	M_glyald_e	0.7	0.01	1	0.0069999999999999	1773.Turdus.oliv1.lgi
all	minimal	Bacillus_pumilus_SH_B9_	Streptomyces_cinnamoneus_ATCC_12686_	M_glyc_e	0.7	0.01	1	0.0069999999999999	1773.Turdus.oliv1.lgi
all	minimal	Bacillus_pumilus_SH_B9_	Streptomyces_cinnamoneus_ATCC_12686_	M_gthrd_e	0.7	0.01	1	0.0069999999999999	1773.Turdus.oliv1.lgi
all	minimal	Bacillus_pumilus_SH_B9_	Streptomyces_cinnamoneus_ATCC_12686_	M_h2o_e	0.7	0.01	1	0.0069999999999999	1773.Turdus.oliv1.lgi
all	minimal	Bacillus_pumilus_SH_B9_	Streptomyces_cinnamoneus_ATCC_12686_	M_h2s_e	0.7	0.01	1	0.0069999999999999	1773.Turdus.oliv1.lgi
all	minimal	Bacillus_pumilus_SH_B9_	Streptomyces_cinnamoneus_ATCC_12686_	M_h_e	0.7	0.02	1	0.0139999999999999	1773.Turdus.oliv1.lgi
all	minimal	Bacillus_pumilus_SH_B9_	Streptomyces_cinnamoneus_ATCC_12686_	M_lys__L_e	0.7	0.01	1	0.0069999999999999	1773.Turdus.oliv1.lgi
all	minimal	Bacillus_pumilus_SH_B9_	Streptomyces_cinnamoneus_ATCC_12686_	M_o2_e	0.7	1.0	1	0.7	1773.Turdus.oliv1.lgi
all	minimal	Bacillus_pumilus_SH_B9_	Streptomyces_cinnamoneus_ATCC_12686_	M_orn_e	0.7	0.01	1	0.0069999999999999	1773.Turdus.oliv1.lgi
all	minimal	Bacillus_pumilus_SH_B9_	Streptomyces_cinnamoneus_ATCC_12686_	M_s_e	0.7	0.28	1	0.196	1773.Turdus.oliv1.lgi
all	minimal	Bacillus_pumilus_SH_B9_	Weissella_koreensis_KACC_15510_	M_LalaDgluMdapDala_e	0.1	0.01	1	0.001	1773.Turdus.oliv1.lgi
all	minimal	Bacillus_pumilus_SH_B9_	Weissella_koreensis_KACC_15510_	M_acald_e	0.1	0.01	1	0.001	1773.Turdus.oliv1.lgi
all	minimal	Bacillus_pumilus_SH_B9_	Weissella_koreensis_KACC_15510_	M_glyald_e	0.1	0.01	1	0.001	1773.Turdus.oliv1.lgi
all	minimal	Bacillus_pumilus_SH_B9_	Weissella_koreensis_KACC_15510_	M_glyc_e	0.1	0.01	1	0.001	1773.Turdus.oliv1.lgi
all	minimal	Bacillus_pumilus_SH_B9_	Weissella_koreensis_KACC_15510_	M_h2o_e	0.1	0.01	1	0.001	1773.Turdus.oliv1.lgi
all	minimal	Bacillus_pumilus_SH_B9_	Weissella_koreensis_KACC_15510_	M_h2s_e	0.1	0.01	1	0.001	1773.Turdus.oliv1.lgi
all	minimal	Bacillus_pumilus_SH_B9_	Weissella_koreensis_KACC_15510_	M_h_e	0.1	0.02	1	0.002	1773.Turdus.oliv1.lgi
all	minimal	Campylobacter_jejuni_isolate_W1_	Bacillus_bataviensis_LMG_21833_	M_acald_e	0.3	0.01	1	0.003	1773.Turdus.oliv1.lgi
all	minimal	Campylobacter_jejuni_isolate_W1_	Bacillus_bataviensis_LMG_21833_	M_ala__L_e	0.3	0.02	1	0.006	1773.Turdus.oliv1.lgi
all	minimal	Campylobacter_jejuni_isolate_W1_	Bacillus_bataviensis_LMG_21833_	M_cit_e	0.3	0.01	1	0.003	1773.Turdus.oliv1.lgi
all	minimal	Campylobacter_jejuni_isolate_W1_	Bacillus_bataviensis_LMG_21833_	M_cu2_e	0.3	0.95	1	0.285	1773.Turdus.oliv1.lgi
all	minimal	Campylobacter_jejuni_isolate_W1_	Bacillus_bataviensis_LMG_21833_	M_etoh_e	0.3	0.02	1	0.006	1773.Turdus.oliv1.lgi
all	minimal	Campylobacter_jejuni_isolate_W1_	Bacillus_bataviensis_LMG_21833_	M_fe2_e	0.3	0.35	1	0.105	1773.Turdus.oliv1.lgi
all	minimal	Campylobacter_jejuni_isolate_W1_	Bacillus_bataviensis_LMG_21833_	M_fe3pyovd_kt_e	0.3	0.22	1	0.066	1773.Turdus.oliv1.lgi
all	minimal	Campylobacter_jejuni_isolate_W1_	Bacillus_bataviensis_LMG_21833_	M_glu__L_e	0.3	0.59	1	0.177	1773.Turdus.oliv1.lgi
all	minimal	Campylobacter_jejuni_isolate_W1_	Bacillus_bataviensis_LMG_21833_	M_h2o_e	0.3	0.01	1	0.003	1773.Turdus.oliv1.lgi
all	minimal	Campylobacter_jejuni_isolate_W1_	Bacillus_bataviensis_LMG_21833_	M_h_e	0.3	0.01	1	0.003	1773.Turdus.oliv1.lgi
all	minimal	Campylobacter_jejuni_isolate_W1_	Bacillus_bataviensis_LMG_21833_	M_indole_e	0.3	0.02	1	0.006	1773.Turdus.oliv1.lgi
all	minimal	Campylobacter_jejuni_isolate_W1_	Bacillus_bataviensis_LMG_21833_	M_nh4_e	0.3	0.01	1	0.003	1773.Turdus.oliv1.lgi
all	minimal	Campylobacter_jejuni_isolate_W1_	Bacillus_bataviensis_LMG_21833_	M_o2_e	0.3	1.0	1	0.3	1773.Turdus.oliv1.lgi
all	minimal	Campylobacter_jejuni_isolate_W1_	Bacillus_bataviensis_LMG_21833_	M_pi_e	0.3	1.0	1	0.3	1773.Turdus.oliv1.lgi
all	minimal	Campylobacter_jejuni_isolate_W1_	Bacillus_bataviensis_LMG_21833_	M_val__L_e	0.3	1.0	1	0.3	1773.Turdus.oliv1.lgi
all	minimal	Campylobacter_jejuni_isolate_W1_	Bacillus_humi_DSM_16318_	M_acald_e	0.2	0.01	1	0.002	1773.Turdus.oliv1.lgi
all	minimal	Campylobacter_jejuni_isolate_W1_	Bacillus_humi_DSM_16318_	M_cu2_e	0.2	0.95	1	0.19	1773.Turdus.oliv1.lgi
all	minimal	Campylobacter_jejuni_isolate_W1_	Bacillus_humi_DSM_16318_	M_etoh_e	0.2	0.02	1	0.004	1773.Turdus.oliv1.lgi
all	minimal	Campylobacter_jejuni_isolate_W1_	Bacillus_humi_DSM_16318_	M_fe2_e	0.2	0.35	1	0.0699999999999999	1773.Turdus.oliv1.lgi
all	minimal	Campylobacter_jejuni_isolate_W1_	Bacillus_humi_DSM_16318_	M_fe3pyovd_kt_e	0.2	0.22	1	0.044	1773.Turdus.oliv1.lgi
all	minimal	Campylobacter_jejuni_isolate_W1_	Bacillus_humi_DSM_16318_	M_h2o_e	0.2	0.01	1	0.002	1773.Turdus.oliv1.lgi
all	minimal	Campylobacter_jejuni_isolate_W1_	Bacillus_humi_DSM_16318_	M_h_e	0.2	0.01	1	0.002	1773.Turdus.oliv1.lgi
all	minimal	Campylobacter_jejuni_isolate_W1_	Bacillus_humi_DSM_16318_	M_mal__L_e	0.2	0.01	1	0.002	1773.Turdus.oliv1.lgi
all	minimal	Campylobacter_jejuni_isolate_W1_	Bacillus_humi_DSM_16318_	M_nh4_e	0.2	0.01	1	0.002	1773.Turdus.oliv1.lgi
all	minimal	Campylobacter_jejuni_isolate_W1_	Bacillus_humi_DSM_16318_	M_pi_e	0.2	1.0	1	0.2	1773.Turdus.oliv1.lgi
all	minimal	Campylobacter_jejuni_isolate_W1_	Bacillus_pumilus_SH_B9_	M_acald_e	1.0	0.01	1	0.01	1773.Turdus.oliv1.lgi
all	minimal	Campylobacter_jejuni_isolate_W1_	Bacillus_pumilus_SH_B9_	M_cu2_e	1.0	0.95	1	0.95	1773.Turdus.oliv1.lgi
all	minimal	Campylobacter_jejuni_isolate_W1_	Bacillus_pumilus_SH_B9_	M_etoh_e	1.0	0.02	1	0.02	1773.Turdus.oliv1.lgi
all	minimal	Campylobacter_jejuni_isolate_W1_	Bacillus_pumilus_SH_B9_	M_fe2_e	1.0	0.35	1	0.35	1773.Turdus.oliv1.lgi
all	minimal	Campylobacter_jejuni_isolate_W1_	Bacillus_pumilus_SH_B9_	M_fe3pyovd_kt_e	1.0	0.22	1	0.22	1773.Turdus.oliv1.lgi
all	minimal	Campylobacter_jejuni_isolate_W1_	Bacillus_pumilus_SH_B9_	M_fum_e	1.0	1.0	1	1.0	1773.Turdus.oliv1.lgi
all	minimal	Campylobacter_jejuni_isolate_W1_	Bacillus_pumilus_SH_B9_	M_glu__L_e	1.0	0.59	1	0.59	1773.Turdus.oliv1.lgi
all	minimal	Campylobacter_jejuni_isolate_W1_	Bacillus_pumilus_SH_B9_	M_h2o_e	1.0	0.01	1	0.01	1773.Turdus.oliv1.lgi
all	minimal	Campylobacter_jejuni_isolate_W1_	Bacillus_pumilus_SH_B9_	M_h_e	1.0	0.01	1	0.01	1773.Turdus.oliv1.lgi
all	minimal	Campylobacter_jejuni_isolate_W1_	Bacillus_pumilus_SH_B9_	M_lac__L_e	1.0	0.02	1	0.02	1773.Turdus.oliv1.lgi
all	minimal	Campylobacter_jejuni_isolate_W1_	Bacillus_pumilus_SH_B9_	M_mal__L_e	1.0	0.01	1	0.01	1773.Turdus.oliv1.lgi
all	minimal	Campylobacter_jejuni_isolate_W1_	Bacillus_pumilus_SH_B9_	M_meoh_e	1.0	0.54	1	0.54	1773.Turdus.oliv1.lgi
all	minimal	Campylobacter_jejuni_isolate_W1_	Bacillus_pumilus_SH_B9_	M_nh4_e	1.0	0.01	1	0.01	1773.Turdus.oliv1.lgi
all	minimal	Campylobacter_jejuni_isolate_W1_	Bacillus_pumilus_SH_B9_	M_val__L_e	1.0	1.0	1	1.0	1773.Turdus.oliv1.lgi
all	minimal	Campylobacter_jejuni_isolate_W1_	Cronobacter_sakazakii_ATCC_29544_	M_acald_e	0.7	0.01	1	0.0069999999999999	1773.Turdus.oliv1.lgi
all	minimal	Campylobacter_jejuni_isolate_W1_	Cronobacter_sakazakii_ATCC_29544_	M_ala__L_e	0.7	0.02	1	0.0139999999999999	1773.Turdus.oliv1.lgi
all	minimal	Campylobacter_jejuni_isolate_W1_	Cronobacter_sakazakii_ATCC_29544_	M_cu2_e	0.7	0.95	1	0.6649999999999999	1773.Turdus.oliv1.lgi
all	minimal	Campylobacter_jejuni_isolate_W1_	Cronobacter_sakazakii_ATCC_29544_	M_cys__L_e	0.7	0.02	1	0.0139999999999999	1773.Turdus.oliv1.lgi
all	minimal	Campylobacter_jejuni_isolate_W1_	Cronobacter_sakazakii_ATCC_29544_	M_etoh_e	0.7	0.02	1	0.0139999999999999	1773.Turdus.oliv1.lgi
all	minimal	Campylobacter_jejuni_isolate_W1_	Cronobacter_sakazakii_ATCC_29544_	M_fe2_e	0.7	0.35	1	0.2449999999999999	1773.Turdus.oliv1.lgi
all	minimal	Campylobacter_jejuni_isolate_W1_	Cronobacter_sakazakii_ATCC_29544_	M_fe3pyovd_kt_e	0.7	0.22	1	0.154	1773.Turdus.oliv1.lgi
all	minimal	Campylobacter_jejuni_isolate_W1_	Cronobacter_sakazakii_ATCC_29544_	M_fum_e	0.7	1.0	1	0.7	1773.Turdus.oliv1.lgi
all	minimal	Campylobacter_jejuni_isolate_W1_	Cronobacter_sakazakii_ATCC_29544_	M_glu__L_e	0.7	0.59	1	0.413	1773.Turdus.oliv1.lgi
all	minimal	Campylobacter_jejuni_isolate_W1_	Cronobacter_sakazakii_ATCC_29544_	M_h2o_e	0.7	0.01	1	0.0069999999999999	1773.Turdus.oliv1.lgi
all	minimal	Campylobacter_jejuni_isolate_W1_	Cronobacter_sakazakii_ATCC_29544_	M_h_e	0.7	0.01	1	0.0069999999999999	1773.Turdus.oliv1.lgi
all	minimal	Campylobacter_jejuni_isolate_W1_	Cronobacter_sakazakii_ATCC_29544_	M_lac__L_e	0.7	0.02	1	0.0139999999999999	1773.Turdus.oliv1.lgi
all	minimal	Campylobacter_jejuni_isolate_W1_	Cronobacter_sakazakii_ATCC_29544_	M_mal__L_e	0.7	0.01	1	0.0069999999999999	1773.Turdus.oliv1.lgi
all	minimal	Campylobacter_jejuni_isolate_W1_	Cronobacter_sakazakii_ATCC_29544_	M_nh4_e	0.7	0.01	1	0.0069999999999999	1773.Turdus.oliv1.lgi
all	minimal	Campylobacter_jejuni_isolate_W1_	Cronobacter_sakazakii_ATCC_29544_	M_orn_e	0.7	0.02	1	0.0139999999999999	1773.Turdus.oliv1.lgi
all	minimal	Campylobacter_jejuni_isolate_W1_	Cronobacter_sakazakii_ATCC_29544_	M_pi_e	0.7	1.0	1	0.7	1773.Turdus.oliv1.lgi
all	minimal	Campylobacter_jejuni_isolate_W1_	Enterococcus_malodoratus_ATCC_43197_	M_acald_e	0.1	0.01	1	0.001	1773.Turdus.oliv1.lgi
all	minimal	Campylobacter_jejuni_isolate_W1_	Enterococcus_malodoratus_ATCC_43197_	M_asp__D_e	0.1	0.02	1	0.002	1773.Turdus.oliv1.lgi
all	minimal	Campylobacter_jejuni_isolate_W1_	Enterococcus_malodoratus_ATCC_43197_	M_fe2_e	0.1	0.35	1	0.0349999999999999	1773.Turdus.oliv1.lgi
all	minimal	Campylobacter_jejuni_isolate_W1_	Enterococcus_malodoratus_ATCC_43197_	M_fe3pyovd_kt_e	0.1	0.22	1	0.022	1773.Turdus.oliv1.lgi
all	minimal	Campylobacter_jejuni_isolate_W1_	Enterococcus_malodoratus_ATCC_43197_	M_h2o_e	0.1	0.01	1	0.001	1773.Turdus.oliv1.lgi
all	minimal	Campylobacter_jejuni_isolate_W1_	Enterococcus_malodoratus_ATCC_43197_	M_h_e	0.1	0.01	1	0.001	1773.Turdus.oliv1.lgi
all	minimal	Campylobacter_jejuni_isolate_W1_	Enterococcus_malodoratus_ATCC_43197_	M_mal__L_e	0.1	0.01	1	0.001	1773.Turdus.oliv1.lgi
all	minimal	Campylobacter_jejuni_isolate_W1_	Enterococcus_malodoratus_ATCC_43197_	M_meoh_e	0.1	0.54	1	0.054	1773.Turdus.oliv1.lgi
all	minimal	Campylobacter_jejuni_isolate_W1_	Enterococcus_malodoratus_ATCC_43197_	M_nh4_e	0.1	0.01	1	0.001	1773.Turdus.oliv1.lgi
all	minimal	Campylobacter_jejuni_isolate_W1_	Enterococcus_malodoratus_ATCC_43197_	M_orn_e	0.1	0.02	1	0.002	1773.Turdus.oliv1.lgi
all	minimal	Campylobacter_jejuni_isolate_W1_	Lactobacillus_acidipiscis_ACA_DC_1533_	M_acald_e	0.1	0.01	1	0.001	1773.Turdus.oliv1.lgi
all	minimal	Campylobacter_jejuni_isolate_W1_	Lactobacillus_acidipiscis_ACA_DC_1533_	M_cu2_e	0.1	0.95	1	0.095	1773.Turdus.oliv1.lgi
all	minimal	Campylobacter_jejuni_isolate_W1_	Lactobacillus_acidipiscis_ACA_DC_1533_	M_etoh_e	0.1	0.02	1	0.002	1773.Turdus.oliv1.lgi
all	minimal	Campylobacter_jejuni_isolate_W1_	Lactobacillus_acidipiscis_ACA_DC_1533_	M_fe2_e	0.1	0.35	1	0.0349999999999999	1773.Turdus.oliv1.lgi
all	minimal	Campylobacter_jejuni_isolate_W1_	Lactobacillus_acidipiscis_ACA_DC_1533_	M_fe3pyovd_kt_e	0.1	0.22	1	0.022	1773.Turdus.oliv1.lgi
all	minimal	Campylobacter_jejuni_isolate_W1_	Lactobacillus_acidipiscis_ACA_DC_1533_	M_h2o_e	0.1	0.01	1	0.001	1773.Turdus.oliv1.lgi
all	minimal	Campylobacter_jejuni_isolate_W1_	Lactobacillus_acidipiscis_ACA_DC_1533_	M_h_e	0.1	0.01	1	0.001	1773.Turdus.oliv1.lgi
all	minimal	Campylobacter_jejuni_isolate_W1_	Lactobacillus_acidipiscis_ACA_DC_1533_	M_mal__L_e	0.1	0.01	1	0.001	1773.Turdus.oliv1.lgi
all	minimal	Campylobacter_jejuni_isolate_W1_	Lactobacillus_acidipiscis_ACA_DC_1533_	M_nh4_e	0.1	0.01	1	0.001	1773.Turdus.oliv1.lgi
all	minimal	Campylobacter_jejuni_isolate_W1_	Neorhizobium_galegae_bv_orientalis_str_HAMBI_540_	M_acald_e	0.2	0.01	1	0.002	1773.Turdus.oliv1.lgi
all	minimal	Campylobacter_jejuni_isolate_W1_	Neorhizobium_galegae_bv_orientalis_str_HAMBI_540_	M_asp__D_e	0.2	0.02	1	0.004	1773.Turdus.oliv1.lgi
all	minimal	Campylobacter_jejuni_isolate_W1_	Neorhizobium_galegae_bv_orientalis_str_HAMBI_540_	M_etoh_e	0.2	0.02	1	0.004	1773.Turdus.oliv1.lgi
all	minimal	Campylobacter_jejuni_isolate_W1_	Neorhizobium_galegae_bv_orientalis_str_HAMBI_540_	M_fe2_e	0.2	0.35	1	0.0699999999999999	1773.Turdus.oliv1.lgi
all	minimal	Campylobacter_jejuni_isolate_W1_	Neorhizobium_galegae_bv_orientalis_str_HAMBI_540_	M_fe3pyovd_kt_e	0.2	0.22	1	0.044	1773.Turdus.oliv1.lgi
all	minimal	Campylobacter_jejuni_isolate_W1_	Neorhizobium_galegae_bv_orientalis_str_HAMBI_540_	M_glu__L_e	0.2	0.59	1	0.118	1773.Turdus.oliv1.lgi
all	minimal	Campylobacter_jejuni_isolate_W1_	Neorhizobium_galegae_bv_orientalis_str_HAMBI_540_	M_h2o_e	0.2	0.01	1	0.002	1773.Turdus.oliv1.lgi
all	minimal	Campylobacter_jejuni_isolate_W1_	Neorhizobium_galegae_bv_orientalis_str_HAMBI_540_	M_h_e	0.2	0.01	1	0.002	1773.Turdus.oliv1.lgi
all	minimal	Campylobacter_jejuni_isolate_W1_	Neorhizobium_galegae_bv_orientalis_str_HAMBI_540_	M_indole_e	0.2	0.02	1	0.004	1773.Turdus.oliv1.lgi
all	minimal	Campylobacter_jejuni_isolate_W1_	Neorhizobium_galegae_bv_orientalis_str_HAMBI_540_	M_mal__L_e	0.2	0.01	1	0.002	1773.Turdus.oliv1.lgi
all	minimal	Campylobacter_jejuni_isolate_W1_	Neorhizobium_galegae_bv_orientalis_str_HAMBI_540_	M_meoh_e	0.2	0.54	1	0.108	1773.Turdus.oliv1.lgi
all	minimal	Campylobacter_jejuni_isolate_W1_	Neorhizobium_galegae_bv_orientalis_str_HAMBI_540_	M_nh4_e	0.2	0.01	1	0.002	1773.Turdus.oliv1.lgi
all	minimal	Campylobacter_jejuni_isolate_W1_	Neorhizobium_galegae_bv_orientalis_str_HAMBI_540_	M_orn_e	0.2	0.02	1	0.004	1773.Turdus.oliv1.lgi
all	minimal	Campylobacter_jejuni_isolate_W1_	Neorhizobium_galegae_bv_orientalis_str_HAMBI_540_	M_pi_e	0.2	1.0	1	0.2	1773.Turdus.oliv1.lgi
all	minimal	Campylobacter_jejuni_isolate_W1_	Neorhizobium_galegae_bv_orientalis_str_HAMBI_540_	M_val__L_e	0.2	1.0	1	0.2	1773.Turdus.oliv1.lgi
all	minimal	Campylobacter_jejuni_isolate_W1_	Streptomyces_cinnamoneus_ATCC_12686_	M_acald_e	0.9	0.01	1	0.009	1773.Turdus.oliv1.lgi
all	minimal	Campylobacter_jejuni_isolate_W1_	Streptomyces_cinnamoneus_ATCC_12686_	M_fe2_e	0.9	0.35	1	0.315	1773.Turdus.oliv1.lgi
all	minimal	Campylobacter_jejuni_isolate_W1_	Streptomyces_cinnamoneus_ATCC_12686_	M_fe3pyovd_kt_e	0.9	0.22	1	0.198	1773.Turdus.oliv1.lgi
all	minimal	Campylobacter_jejuni_isolate_W1_	Streptomyces_cinnamoneus_ATCC_12686_	M_glu__L_e	0.9	0.59	1	0.531	1773.Turdus.oliv1.lgi
all	minimal	Campylobacter_jejuni_isolate_W1_	Streptomyces_cinnamoneus_ATCC_12686_	M_h2o_e	0.9	0.01	1	0.009	1773.Turdus.oliv1.lgi
all	minimal	Campylobacter_jejuni_isolate_W1_	Streptomyces_cinnamoneus_ATCC_12686_	M_h_e	0.9	0.01	1	0.009	1773.Turdus.oliv1.lgi
all	minimal	Campylobacter_jejuni_isolate_W1_	Streptomyces_cinnamoneus_ATCC_12686_	M_ncam_e	0.9	0.46	1	0.414	1773.Turdus.oliv1.lgi
all	minimal	Campylobacter_jejuni_isolate_W1_	Streptomyces_cinnamoneus_ATCC_12686_	M_nh4_e	0.9	0.01	1	0.009	1773.Turdus.oliv1.lgi
all	minimal	Campylobacter_jejuni_isolate_W1_	Streptomyces_cinnamoneus_ATCC_12686_	M_o2_e	0.9	1.0	1	0.9	1773.Turdus.oliv1.lgi
all	minimal	Campylobacter_jejuni_isolate_W1_	Streptomyces_cinnamoneus_ATCC_12686_	M_orn_e	0.9	0.02	1	0.018	1773.Turdus.oliv1.lgi
all	minimal	Cronobacter_sakazakii_ATCC_29544_	Campylobacter_jejuni_isolate_W1_	M_cu2_e	1.0	0.44	1	0.44	1773.Turdus.oliv1.lgi
all	minimal	Cronobacter_sakazakii_ATCC_29544_	Campylobacter_jejuni_isolate_W1_	M_etoh_e	1.0	0.02	1	0.02	1773.Turdus.oliv1.lgi
all	minimal	Cronobacter_sakazakii_ATCC_29544_	Campylobacter_jejuni_isolate_W1_	M_fe2_e	1.0	0.91	1	0.91	1773.Turdus.oliv1.lgi
all	minimal	Cronobacter_sakazakii_ATCC_29544_	Campylobacter_jejuni_isolate_W1_	M_fe3_e	1.0	0.07	1	0.07	1773.Turdus.oliv1.lgi
all	minimal	Cronobacter_sakazakii_ATCC_29544_	Campylobacter_jejuni_isolate_W1_	M_h2o_e	1.0	0.03	1	0.03	1773.Turdus.oliv1.lgi
all	minimal	Cronobacter_sakazakii_ATCC_29544_	Campylobacter_jejuni_isolate_W1_	M_h2s_e	1.0	0.02	1	0.02	1773.Turdus.oliv1.lgi
all	minimal	Cronobacter_sakazakii_ATCC_29544_	Campylobacter_jejuni_isolate_W1_	M_h_e	1.0	0.01	1	0.01	1773.Turdus.oliv1.lgi
all	minimal	Cronobacter_sakazakii_ATCC_29544_	Campylobacter_jejuni_isolate_W1_	M_mal__L_e	1.0	0.02	1	0.02	1773.Turdus.oliv1.lgi
all	minimal	Cronobacter_sakazakii_ATCC_29544_	Campylobacter_jejuni_isolate_W1_	M_succ_e	1.0	0.01	1	0.01	1773.Turdus.oliv1.lgi
all	minimal	Cronobacter_sakazakii_ATCC_29544_	Campylobacter_jejuni_isolate_W1_	M_tsul_e	1.0	0.04	1	0.04	1773.Turdus.oliv1.lgi
all	minimal	Enterococcus_malodoratus_ATCC_43197_	Cronobacter_sakazakii_ATCC_29544_	M_acald_e	1.0	0.13	1	0.13	1773.Turdus.oliv1.lgi
all	minimal	Enterococcus_malodoratus_ATCC_43197_	Cronobacter_sakazakii_ATCC_29544_	M_alaala_e	1.0	0.01	1	0.01	1773.Turdus.oliv1.lgi
all	minimal	Enterococcus_malodoratus_ATCC_43197_	Cronobacter_sakazakii_ATCC_29544_	M_anhgm_e	1.0	0.03	1	0.03	1773.Turdus.oliv1.lgi
all	minimal	Enterococcus_malodoratus_ATCC_43197_	Cronobacter_sakazakii_ATCC_29544_	M_arg__L_e	1.0	0.02	1	0.02	1773.Turdus.oliv1.lgi
all	minimal	Enterococcus_malodoratus_ATCC_43197_	Cronobacter_sakazakii_ATCC_29544_	M_asp__L_e	1.0	0.01	1	0.01	1773.Turdus.oliv1.lgi
all	minimal	Enterococcus_malodoratus_ATCC_43197_	Cronobacter_sakazakii_ATCC_29544_	M_cellb_e	1.0	0.01	1	0.01	1773.Turdus.oliv1.lgi
all	minimal	Enterococcus_malodoratus_ATCC_43197_	Cronobacter_sakazakii_ATCC_29544_	M_cgly_e	1.0	0.18	1	0.18	1773.Turdus.oliv1.lgi
all	minimal	Enterococcus_malodoratus_ATCC_43197_	Cronobacter_sakazakii_ATCC_29544_	M_cu2_e	1.0	1.0	1	1.0	1773.Turdus.oliv1.lgi
all	minimal	Enterococcus_malodoratus_ATCC_43197_	Cronobacter_sakazakii_ATCC_29544_	M_cys__L_e	1.0	0.71	1	0.71	1773.Turdus.oliv1.lgi
all	minimal	Enterococcus_malodoratus_ATCC_43197_	Cronobacter_sakazakii_ATCC_29544_	M_fe2_e	1.0	0.7	1	0.7	1773.Turdus.oliv1.lgi
all	minimal	Enterococcus_malodoratus_ATCC_43197_	Cronobacter_sakazakii_ATCC_29544_	M_fe3pyovd_kt_e	1.0	0.3	1	0.3	1773.Turdus.oliv1.lgi
all	minimal	Enterococcus_malodoratus_ATCC_43197_	Cronobacter_sakazakii_ATCC_29544_	M_g3pe_e	1.0	0.01	1	0.01	1773.Turdus.oliv1.lgi
all	minimal	Enterococcus_malodoratus_ATCC_43197_	Cronobacter_sakazakii_ATCC_29544_	M_g3pg_e	1.0	0.86	1	0.86	1773.Turdus.oliv1.lgi
all	minimal	Enterococcus_malodoratus_ATCC_43197_	Cronobacter_sakazakii_ATCC_29544_	M_glcn_e	1.0	0.01	1	0.01	1773.Turdus.oliv1.lgi
all	minimal	Enterococcus_malodoratus_ATCC_43197_	Cronobacter_sakazakii_ATCC_29544_	M_glu__L_e	1.0	0.01	1	0.01	1773.Turdus.oliv1.lgi
all	minimal	Enterococcus_malodoratus_ATCC_43197_	Cronobacter_sakazakii_ATCC_29544_	M_glyald_e	1.0	0.01	1	0.01	1773.Turdus.oliv1.lgi
all	minimal	Enterococcus_malodoratus_ATCC_43197_	Cronobacter_sakazakii_ATCC_29544_	M_glyc3p_e	1.0	0.12	1	0.12	1773.Turdus.oliv1.lgi
all	minimal	Enterococcus_malodoratus_ATCC_43197_	Cronobacter_sakazakii_ATCC_29544_	M_glyc_e	1.0	0.11	1	0.11	1773.Turdus.oliv1.lgi
all	minimal	Enterococcus_malodoratus_ATCC_43197_	Cronobacter_sakazakii_ATCC_29544_	M_gthrd_e	1.0	0.11	1	0.11	1773.Turdus.oliv1.lgi
all	minimal	Enterococcus_malodoratus_ATCC_43197_	Cronobacter_sakazakii_ATCC_29544_	M_gua_e	1.0	0.01	1	0.01	1773.Turdus.oliv1.lgi
all	minimal	Enterococcus_malodoratus_ATCC_43197_	Cronobacter_sakazakii_ATCC_29544_	M_h2o_e	1.0	0.01	1	0.01	1773.Turdus.oliv1.lgi
all	minimal	Enterococcus_malodoratus_ATCC_43197_	Cronobacter_sakazakii_ATCC_29544_	M_hxan_e	1.0	0.01	1	0.01	1773.Turdus.oliv1.lgi
all	minimal	Enterococcus_malodoratus_ATCC_43197_	Cronobacter_sakazakii_ATCC_29544_	M_lys__L_e	1.0	0.01	1	0.01	1773.Turdus.oliv1.lgi
all	minimal	Enterococcus_malodoratus_ATCC_43197_	Cronobacter_sakazakii_ATCC_29544_	M_mal__L_e	1.0	0.01	1	0.01	1773.Turdus.oliv1.lgi
all	minimal	Enterococcus_malodoratus_ATCC_43197_	Cronobacter_sakazakii_ATCC_29544_	M_orn_e	1.0	0.01	1	0.01	1773.Turdus.oliv1.lgi
all	minimal	Enterococcus_malodoratus_ATCC_43197_	Cronobacter_sakazakii_ATCC_29544_	M_pi_e	1.0	0.01	1	0.01	1773.Turdus.oliv1.lgi
all	minimal	Enterococcus_malodoratus_ATCC_43197_	Cronobacter_sakazakii_ATCC_29544_	M_rib__D_e	1.0	0.01	1	0.01	1773.Turdus.oliv1.lgi
all	minimal	Enterococcus_malodoratus_ATCC_43197_	Cronobacter_sakazakii_ATCC_29544_	M_ser__L_e	1.0	0.01	1	0.01	1773.Turdus.oliv1.lgi
all	minimal	Enterococcus_malodoratus_ATCC_43197_	Cronobacter_sakazakii_ATCC_29544_	M_xan_e	1.0	0.01	1	0.01	1773.Turdus.oliv1.lgi
all	minimal	Enterococcus_malodoratus_ATCC_43197_	Cronobacter_sakazakii_ATCC_29544_	M_xyl__D_e	1.0	0.01	1	0.01	1773.Turdus.oliv1.lgi
all	minimal	Enterococcus_malodoratus_ATCC_43197_	Streptomyces_cinnamoneus_ATCC_12686_	M_acald_e	1.0	0.13	1	0.13	1773.Turdus.oliv1.lgi
all	minimal	Enterococcus_malodoratus_ATCC_43197_	Streptomyces_cinnamoneus_ATCC_12686_	M_alaala_e	1.0	0.01	1	0.01	1773.Turdus.oliv1.lgi
all	minimal	Enterococcus_malodoratus_ATCC_43197_	Streptomyces_cinnamoneus_ATCC_12686_	M_anhgm_e	1.0	0.03	1	0.03	1773.Turdus.oliv1.lgi
all	minimal	Enterococcus_malodoratus_ATCC_43197_	Streptomyces_cinnamoneus_ATCC_12686_	M_arg__L_e	1.0	0.02	1	0.02	1773.Turdus.oliv1.lgi
all	minimal	Enterococcus_malodoratus_ATCC_43197_	Streptomyces_cinnamoneus_ATCC_12686_	M_cgly_e	1.0	0.18	1	0.18	1773.Turdus.oliv1.lgi
all	minimal	Enterococcus_malodoratus_ATCC_43197_	Streptomyces_cinnamoneus_ATCC_12686_	M_fe2_e	1.0	0.7	1	0.7	1773.Turdus.oliv1.lgi
all	minimal	Enterococcus_malodoratus_ATCC_43197_	Streptomyces_cinnamoneus_ATCC_12686_	M_fe3pyovd_kt_e	1.0	0.3	1	0.3	1773.Turdus.oliv1.lgi
all	minimal	Enterococcus_malodoratus_ATCC_43197_	Streptomyces_cinnamoneus_ATCC_12686_	M_glu__L_e	1.0	0.01	1	0.01	1773.Turdus.oliv1.lgi
all	minimal	Enterococcus_malodoratus_ATCC_43197_	Streptomyces_cinnamoneus_ATCC_12686_	M_glyald_e	1.0	0.01	1	0.01	1773.Turdus.oliv1.lgi
all	minimal	Enterococcus_malodoratus_ATCC_43197_	Streptomyces_cinnamoneus_ATCC_12686_	M_glyc_e	1.0	0.11	1	0.11	1773.Turdus.oliv1.lgi
all	minimal	Enterococcus_malodoratus_ATCC_43197_	Streptomyces_cinnamoneus_ATCC_12686_	M_gthrd_e	1.0	0.11	1	0.11	1773.Turdus.oliv1.lgi
all	minimal	Enterococcus_malodoratus_ATCC_43197_	Streptomyces_cinnamoneus_ATCC_12686_	M_h2o_e	1.0	0.01	1	0.01	1773.Turdus.oliv1.lgi
all	minimal	Enterococcus_malodoratus_ATCC_43197_	Streptomyces_cinnamoneus_ATCC_12686_	M_istfrnA_e	1.0	0.01	1	0.01	1773.Turdus.oliv1.lgi
all	minimal	Enterococcus_malodoratus_ATCC_43197_	Streptomyces_cinnamoneus_ATCC_12686_	M_lys__L_e	1.0	0.01	1	0.01	1773.Turdus.oliv1.lgi
all	minimal	Enterococcus_malodoratus_ATCC_43197_	Streptomyces_cinnamoneus_ATCC_12686_	M_o2_e	1.0	1.0	1	1.0	1773.Turdus.oliv1.lgi
all	minimal	Enterococcus_malodoratus_ATCC_43197_	Streptomyces_cinnamoneus_ATCC_12686_	M_orn_e	1.0	0.01	1	0.01	1773.Turdus.oliv1.lgi
all	minimal	Enterococcus_malodoratus_ATCC_43197_	Streptomyces_cinnamoneus_ATCC_12686_	M_rib__D_e	1.0	0.01	1	0.01	1773.Turdus.oliv1.lgi
all	minimal	Lactobacillus_acidipiscis_ACA_DC_1533_	Bacillus_bataviensis_LMG_21833_	M_acald_e	1.0	0.02	1	0.02	1773.Turdus.oliv1.lgi
all	minimal	Lactobacillus_acidipiscis_ACA_DC_1533_	Bacillus_bataviensis_LMG_21833_	M_arg__L_e	1.0	0.97	1	0.97	1773.Turdus.oliv1.lgi
all	minimal	Lactobacillus_acidipiscis_ACA_DC_1533_	Bacillus_bataviensis_LMG_21833_	M_cu2_e	1.0	0.98	1	0.98	1773.Turdus.oliv1.lgi
all	minimal	Lactobacillus_acidipiscis_ACA_DC_1533_	Bacillus_bataviensis_LMG_21833_	M_etoh_e	1.0	0.02	1	0.02	1773.Turdus.oliv1.lgi
all	minimal	Lactobacillus_acidipiscis_ACA_DC_1533_	Bacillus_bataviensis_LMG_21833_	M_fe2_e	1.0	0.03	1	0.03	1773.Turdus.oliv1.lgi
all	minimal	Lactobacillus_acidipiscis_ACA_DC_1533_	Bacillus_bataviensis_LMG_21833_	M_fe3_e	1.0	0.96	1	0.96	1773.Turdus.oliv1.lgi
all	minimal	Lactobacillus_acidipiscis_ACA_DC_1533_	Bacillus_bataviensis_LMG_21833_	M_fe3pyovd_kt_e	1.0	0.04	1	0.04	1773.Turdus.oliv1.lgi
all	minimal	Lactobacillus_acidipiscis_ACA_DC_1533_	Bacillus_bataviensis_LMG_21833_	M_gal_e	1.0	0.02	1	0.02	1773.Turdus.oliv1.lgi
all	minimal	Lactobacillus_acidipiscis_ACA_DC_1533_	Bacillus_bataviensis_LMG_21833_	M_glc__D_e	1.0	0.03	1	0.03	1773.Turdus.oliv1.lgi
all	minimal	Lactobacillus_acidipiscis_ACA_DC_1533_	Bacillus_bataviensis_LMG_21833_	M_glu__L_e	1.0	0.19	1	0.19	1773.Turdus.oliv1.lgi
all	minimal	Lactobacillus_acidipiscis_ACA_DC_1533_	Bacillus_bataviensis_LMG_21833_	M_glyald_e	1.0	0.04	1	0.04	1773.Turdus.oliv1.lgi
all	minimal	Lactobacillus_acidipiscis_ACA_DC_1533_	Bacillus_bataviensis_LMG_21833_	M_glyc_e	1.0	0.16	1	0.16	1773.Turdus.oliv1.lgi
all	minimal	Lactobacillus_acidipiscis_ACA_DC_1533_	Bacillus_bataviensis_LMG_21833_	M_gthrd_e	1.0	0.79	1	0.79	1773.Turdus.oliv1.lgi
all	minimal	Lactobacillus_acidipiscis_ACA_DC_1533_	Bacillus_bataviensis_LMG_21833_	M_gua_e	1.0	0.19	1	0.19	1773.Turdus.oliv1.lgi
all	minimal	Lactobacillus_acidipiscis_ACA_DC_1533_	Bacillus_bataviensis_LMG_21833_	M_lys__L_e	1.0	0.01	1	0.01	1773.Turdus.oliv1.lgi
all	minimal	Lactobacillus_acidipiscis_ACA_DC_1533_	Bacillus_bataviensis_LMG_21833_	M_o2_e	1.0	0.83	1	0.83	1773.Turdus.oliv1.lgi
all	minimal	Lactobacillus_acidipiscis_ACA_DC_1533_	Bacillus_bataviensis_LMG_21833_	M_pi_e	1.0	0.01	1	0.01	1773.Turdus.oliv1.lgi
all	minimal	Lactobacillus_acidipiscis_ACA_DC_1533_	Bacillus_bataviensis_LMG_21833_	M_pydxn_e	1.0	1.0	1	1.0	1773.Turdus.oliv1.lgi
all	minimal	Lactobacillus_acidipiscis_ACA_DC_1533_	Bacillus_bataviensis_LMG_21833_	M_val__L_e	1.0	1.0	1	1.0	1773.Turdus.oliv1.lgi
all	minimal	Lactobacillus_acidipiscis_ACA_DC_1533_	Bacillus_humi_DSM_16318_	M_acald_e	1.0	0.02	1	0.02	1773.Turdus.oliv1.lgi
all	minimal	Lactobacillus_acidipiscis_ACA_DC_1533_	Bacillus_humi_DSM_16318_	M_arg__L_e	1.0	0.97	1	0.97	1773.Turdus.oliv1.lgi
all	minimal	Lactobacillus_acidipiscis_ACA_DC_1533_	Bacillus_humi_DSM_16318_	M_cu2_e	1.0	0.98	1	0.98	1773.Turdus.oliv1.lgi
all	minimal	Lactobacillus_acidipiscis_ACA_DC_1533_	Bacillus_humi_DSM_16318_	M_etoh_e	1.0	0.02	1	0.02	1773.Turdus.oliv1.lgi
all	minimal	Lactobacillus_acidipiscis_ACA_DC_1533_	Bacillus_humi_DSM_16318_	M_fe2_e	1.0	0.03	1	0.03	1773.Turdus.oliv1.lgi
all	minimal	Lactobacillus_acidipiscis_ACA_DC_1533_	Bacillus_humi_DSM_16318_	M_fe3_e	1.0	0.96	1	0.96	1773.Turdus.oliv1.lgi
all	minimal	Lactobacillus_acidipiscis_ACA_DC_1533_	Bacillus_humi_DSM_16318_	M_fe3pyovd_kt_e	1.0	0.04	1	0.04	1773.Turdus.oliv1.lgi
all	minimal	Lactobacillus_acidipiscis_ACA_DC_1533_	Bacillus_humi_DSM_16318_	M_gal_e	1.0	0.02	1	0.02	1773.Turdus.oliv1.lgi
all	minimal	Lactobacillus_acidipiscis_ACA_DC_1533_	Bacillus_humi_DSM_16318_	M_glc__D_e	1.0	0.03	1	0.03	1773.Turdus.oliv1.lgi
all	minimal	Lactobacillus_acidipiscis_ACA_DC_1533_	Bacillus_humi_DSM_16318_	M_glyald_e	1.0	0.04	1	0.04	1773.Turdus.oliv1.lgi
all	minimal	Lactobacillus_acidipiscis_ACA_DC_1533_	Bacillus_humi_DSM_16318_	M_glyc_e	1.0	0.16	1	0.16	1773.Turdus.oliv1.lgi
all	minimal	Lactobacillus_acidipiscis_ACA_DC_1533_	Bacillus_humi_DSM_16318_	M_gua_e	1.0	0.19	1	0.19	1773.Turdus.oliv1.lgi
all	minimal	Lactobacillus_acidipiscis_ACA_DC_1533_	Bacillus_humi_DSM_16318_	M_lys__L_e	1.0	0.01	1	0.01	1773.Turdus.oliv1.lgi
all	minimal	Lactobacillus_acidipiscis_ACA_DC_1533_	Bacillus_humi_DSM_16318_	M_nac_e	1.0	1.0	1	1.0	1773.Turdus.oliv1.lgi
all	minimal	Lactobacillus_acidipiscis_ACA_DC_1533_	Bacillus_humi_DSM_16318_	M_pi_e	1.0	0.01	1	0.01	1773.Turdus.oliv1.lgi
all	minimal	Lactobacillus_acidipiscis_ACA_DC_1533_	Bacillus_humi_DSM_16318_	M_pydxn_e	1.0	1.0	1	1.0	1773.Turdus.oliv1.lgi
all	minimal	Lactobacillus_acidipiscis_ACA_DC_1533_	Bacillus_pumilus_SH_B9_	M_acald_e	0.5	0.02	1	0.01	1773.Turdus.oliv1.lgi
all	minimal	Lactobacillus_acidipiscis_ACA_DC_1533_	Bacillus_pumilus_SH_B9_	M_arg__L_e	0.5	0.97	1	0.485	1773.Turdus.oliv1.lgi
all	minimal	Lactobacillus_acidipiscis_ACA_DC_1533_	Bacillus_pumilus_SH_B9_	M_cu2_e	0.5	0.98	1	0.49	1773.Turdus.oliv1.lgi
all	minimal	Lactobacillus_acidipiscis_ACA_DC_1533_	Bacillus_pumilus_SH_B9_	M_etoh_e	0.5	0.02	1	0.01	1773.Turdus.oliv1.lgi
all	minimal	Lactobacillus_acidipiscis_ACA_DC_1533_	Bacillus_pumilus_SH_B9_	M_fe2_e	0.5	0.03	1	0.015	1773.Turdus.oliv1.lgi
all	minimal	Lactobacillus_acidipiscis_ACA_DC_1533_	Bacillus_pumilus_SH_B9_	M_fe3_e	0.5	0.96	1	0.48	1773.Turdus.oliv1.lgi
all	minimal	Lactobacillus_acidipiscis_ACA_DC_1533_	Bacillus_pumilus_SH_B9_	M_fe3pyovd_kt_e	0.5	0.04	1	0.02	1773.Turdus.oliv1.lgi
all	minimal	Lactobacillus_acidipiscis_ACA_DC_1533_	Bacillus_pumilus_SH_B9_	M_glc__D_e	0.5	0.03	1	0.015	1773.Turdus.oliv1.lgi
all	minimal	Lactobacillus_acidipiscis_ACA_DC_1533_	Bacillus_pumilus_SH_B9_	M_glu__L_e	0.5	0.19	1	0.095	1773.Turdus.oliv1.lgi
all	minimal	Lactobacillus_acidipiscis_ACA_DC_1533_	Bacillus_pumilus_SH_B9_	M_glyald_e	0.5	0.04	1	0.02	1773.Turdus.oliv1.lgi
all	minimal	Lactobacillus_acidipiscis_ACA_DC_1533_	Bacillus_pumilus_SH_B9_	M_glyc_e	0.5	0.16	1	0.08	1773.Turdus.oliv1.lgi
all	minimal	Lactobacillus_acidipiscis_ACA_DC_1533_	Bacillus_pumilus_SH_B9_	M_gthrd_e	0.5	0.79	1	0.395	1773.Turdus.oliv1.lgi
all	minimal	Lactobacillus_acidipiscis_ACA_DC_1533_	Bacillus_pumilus_SH_B9_	M_lys__L_e	0.5	0.01	1	0.005	1773.Turdus.oliv1.lgi
all	minimal	Lactobacillus_acidipiscis_ACA_DC_1533_	Bacillus_pumilus_SH_B9_	M_nac_e	0.5	1.0	1	0.5	1773.Turdus.oliv1.lgi
all	minimal	Lactobacillus_acidipiscis_ACA_DC_1533_	Bacillus_pumilus_SH_B9_	M_val__L_e	0.5	1.0	1	0.5	1773.Turdus.oliv1.lgi
all	minimal	Lactobacillus_acidipiscis_ACA_DC_1533_	Cronobacter_sakazakii_ATCC_29544_	M_acald_e	1.0	0.02	1	0.02	1773.Turdus.oliv1.lgi
all	minimal	Lactobacillus_acidipiscis_ACA_DC_1533_	Cronobacter_sakazakii_ATCC_29544_	M_arg__L_e	1.0	0.97	1	0.97	1773.Turdus.oliv1.lgi
all	minimal	Lactobacillus_acidipiscis_ACA_DC_1533_	Cronobacter_sakazakii_ATCC_29544_	M_asp__L_e	1.0	0.01	1	0.01	1773.Turdus.oliv1.lgi
all	minimal	Lactobacillus_acidipiscis_ACA_DC_1533_	Cronobacter_sakazakii_ATCC_29544_	M_cellb_e	1.0	0.02	1	0.02	1773.Turdus.oliv1.lgi
all	minimal	Lactobacillus_acidipiscis_ACA_DC_1533_	Cronobacter_sakazakii_ATCC_29544_	M_cu2_e	1.0	0.98	1	0.98	1773.Turdus.oliv1.lgi
all	minimal	Lactobacillus_acidipiscis_ACA_DC_1533_	Cronobacter_sakazakii_ATCC_29544_	M_etoh_e	1.0	0.02	1	0.02	1773.Turdus.oliv1.lgi
all	minimal	Lactobacillus_acidipiscis_ACA_DC_1533_	Cronobacter_sakazakii_ATCC_29544_	M_fe2_e	1.0	0.03	1	0.03	1773.Turdus.oliv1.lgi
all	minimal	Lactobacillus_acidipiscis_ACA_DC_1533_	Cronobacter_sakazakii_ATCC_29544_	M_fe3_e	1.0	0.96	1	0.96	1773.Turdus.oliv1.lgi
all	minimal	Lactobacillus_acidipiscis_ACA_DC_1533_	Cronobacter_sakazakii_ATCC_29544_	M_fe3pyovd_kt_e	1.0	0.04	1	0.04	1773.Turdus.oliv1.lgi
all	minimal	Lactobacillus_acidipiscis_ACA_DC_1533_	Cronobacter_sakazakii_ATCC_29544_	M_g3pe_e	1.0	0.02	1	0.02	1773.Turdus.oliv1.lgi
all	minimal	Lactobacillus_acidipiscis_ACA_DC_1533_	Cronobacter_sakazakii_ATCC_29544_	M_g3pg_e	1.0	0.97	1	0.97	1773.Turdus.oliv1.lgi
all	minimal	Lactobacillus_acidipiscis_ACA_DC_1533_	Cronobacter_sakazakii_ATCC_29544_	M_gal_e	1.0	0.02	1	0.02	1773.Turdus.oliv1.lgi
all	minimal	Lactobacillus_acidipiscis_ACA_DC_1533_	Cronobacter_sakazakii_ATCC_29544_	M_glc__D_e	1.0	0.03	1	0.03	1773.Turdus.oliv1.lgi
all	minimal	Lactobacillus_acidipiscis_ACA_DC_1533_	Cronobacter_sakazakii_ATCC_29544_	M_glu__L_e	1.0	0.19	1	0.19	1773.Turdus.oliv1.lgi
all	minimal	Lactobacillus_acidipiscis_ACA_DC_1533_	Cronobacter_sakazakii_ATCC_29544_	M_glyald_e	1.0	0.04	1	0.04	1773.Turdus.oliv1.lgi
all	minimal	Lactobacillus_acidipiscis_ACA_DC_1533_	Cronobacter_sakazakii_ATCC_29544_	M_glyc_e	1.0	0.16	1	0.16	1773.Turdus.oliv1.lgi
all	minimal	Lactobacillus_acidipiscis_ACA_DC_1533_	Cronobacter_sakazakii_ATCC_29544_	M_gthrd_e	1.0	0.79	1	0.79	1773.Turdus.oliv1.lgi
all	minimal	Lactobacillus_acidipiscis_ACA_DC_1533_	Cronobacter_sakazakii_ATCC_29544_	M_gua_e	1.0	0.19	1	0.19	1773.Turdus.oliv1.lgi
all	minimal	Lactobacillus_acidipiscis_ACA_DC_1533_	Cronobacter_sakazakii_ATCC_29544_	M_hxan_e	1.0	0.81	1	0.81	1773.Turdus.oliv1.lgi
all	minimal	Lactobacillus_acidipiscis_ACA_DC_1533_	Cronobacter_sakazakii_ATCC_29544_	M_leu__L_e	1.0	1.0	1	1.0	1773.Turdus.oliv1.lgi
all	minimal	Lactobacillus_acidipiscis_ACA_DC_1533_	Cronobacter_sakazakii_ATCC_29544_	M_lys__L_e	1.0	0.01	1	0.01	1773.Turdus.oliv1.lgi
all	minimal	Lactobacillus_acidipiscis_ACA_DC_1533_	Cronobacter_sakazakii_ATCC_29544_	M_phe__L_e	1.0	1.0	1	1.0	1773.Turdus.oliv1.lgi
all	minimal	Lactobacillus_acidipiscis_ACA_DC_1533_	Cronobacter_sakazakii_ATCC_29544_	M_pi_e	1.0	0.01	1	0.01	1773.Turdus.oliv1.lgi
all	minimal	Lactobacillus_acidipiscis_ACA_DC_1533_	Cronobacter_sakazakii_ATCC_29544_	M_thr__L_e	1.0	1.0	1	1.0	1773.Turdus.oliv1.lgi
all	minimal	Lactobacillus_acidipiscis_ACA_DC_1533_	Cronobacter_sakazakii_ATCC_29544_	M_tyr__L_e	1.0	1.0	1	1.0	1773.Turdus.oliv1.lgi
all	minimal	Lactobacillus_acidipiscis_ACA_DC_1533_	Cronobacter_sakazakii_ATCC_29544_	M_xyl__D_e	1.0	0.02	1	0.02	1773.Turdus.oliv1.lgi
all	minimal	Neorhizobium_galegae_bv_orientalis_str_HAMBI_540_	Cronobacter_sakazakii_ATCC_29544_	M_3amp_e	1.0	0.94	1	0.94	1773.Turdus.oliv1.lgi
all	minimal	Neorhizobium_galegae_bv_orientalis_str_HAMBI_540_	Cronobacter_sakazakii_ATCC_29544_	M_acald_e	1.0	0.01	1	0.01	1773.Turdus.oliv1.lgi
all	minimal	Neorhizobium_galegae_bv_orientalis_str_HAMBI_540_	Cronobacter_sakazakii_ATCC_29544_	M_ala__L_e	1.0	0.01	1	0.01	1773.Turdus.oliv1.lgi
all	minimal	Neorhizobium_galegae_bv_orientalis_str_HAMBI_540_	Cronobacter_sakazakii_ATCC_29544_	M_arg__L_e	1.0	0.01	1	0.01	1773.Turdus.oliv1.lgi
all	minimal	Neorhizobium_galegae_bv_orientalis_str_HAMBI_540_	Cronobacter_sakazakii_ATCC_29544_	M_asp__L_e	1.0	0.01	1	0.01	1773.Turdus.oliv1.lgi
all	minimal	Neorhizobium_galegae_bv_orientalis_str_HAMBI_540_	Cronobacter_sakazakii_ATCC_29544_	M_cellb_e	1.0	0.08	1	0.08	1773.Turdus.oliv1.lgi
all	minimal	Neorhizobium_galegae_bv_orientalis_str_HAMBI_540_	Cronobacter_sakazakii_ATCC_29544_	M_cgly_e	1.0	0.01	1	0.01	1773.Turdus.oliv1.lgi
all	minimal	Neorhizobium_galegae_bv_orientalis_str_HAMBI_540_	Cronobacter_sakazakii_ATCC_29544_	M_cu2_e	1.0	1.0	1	1.0	1773.Turdus.oliv1.lgi
all	minimal	Neorhizobium_galegae_bv_orientalis_str_HAMBI_540_	Cronobacter_sakazakii_ATCC_29544_	M_etoh_e	1.0	0.01	1	0.01	1773.Turdus.oliv1.lgi
all	minimal	Neorhizobium_galegae_bv_orientalis_str_HAMBI_540_	Cronobacter_sakazakii_ATCC_29544_	M_fe2_e	1.0	0.02	1	0.02	1773.Turdus.oliv1.lgi
all	minimal	Neorhizobium_galegae_bv_orientalis_str_HAMBI_540_	Cronobacter_sakazakii_ATCC_29544_	M_fe3_e	1.0	0.03	1	0.03	1773.Turdus.oliv1.lgi
all	minimal	Neorhizobium_galegae_bv_orientalis_str_HAMBI_540_	Cronobacter_sakazakii_ATCC_29544_	M_g3pg_e	1.0	0.07	1	0.07	1773.Turdus.oliv1.lgi
all	minimal	Neorhizobium_galegae_bv_orientalis_str_HAMBI_540_	Cronobacter_sakazakii_ATCC_29544_	M_glc__D_e	1.0	0.01	1	0.01	1773.Turdus.oliv1.lgi
all	minimal	Neorhizobium_galegae_bv_orientalis_str_HAMBI_540_	Cronobacter_sakazakii_ATCC_29544_	M_glyc3p_e	1.0	0.02	1	0.02	1773.Turdus.oliv1.lgi
all	minimal	Neorhizobium_galegae_bv_orientalis_str_HAMBI_540_	Cronobacter_sakazakii_ATCC_29544_	M_glyc_e	1.0	0.02	1	0.02	1773.Turdus.oliv1.lgi
all	minimal	Neorhizobium_galegae_bv_orientalis_str_HAMBI_540_	Cronobacter_sakazakii_ATCC_29544_	M_gthrd_e	1.0	0.02	1	0.02	1773.Turdus.oliv1.lgi
all	minimal	Neorhizobium_galegae_bv_orientalis_str_HAMBI_540_	Cronobacter_sakazakii_ATCC_29544_	M_h2s_e	1.0	0.03	1	0.03	1773.Turdus.oliv1.lgi
all	minimal	Neorhizobium_galegae_bv_orientalis_str_HAMBI_540_	Cronobacter_sakazakii_ATCC_29544_	M_h_e	1.0	0.02	1	0.02	1773.Turdus.oliv1.lgi
all	minimal	Neorhizobium_galegae_bv_orientalis_str_HAMBI_540_	Cronobacter_sakazakii_ATCC_29544_	M_leu__L_e	1.0	0.02	1	0.02	1773.Turdus.oliv1.lgi
all	minimal	Neorhizobium_galegae_bv_orientalis_str_HAMBI_540_	Cronobacter_sakazakii_ATCC_29544_	M_lys__L_e	1.0	0.02	1	0.02	1773.Turdus.oliv1.lgi
all	minimal	Neorhizobium_galegae_bv_orientalis_str_HAMBI_540_	Cronobacter_sakazakii_ATCC_29544_	M_orn_e	1.0	0.01	1	0.01	1773.Turdus.oliv1.lgi
all	minimal	Neorhizobium_galegae_bv_orientalis_str_HAMBI_540_	Cronobacter_sakazakii_ATCC_29544_	M_pi_e	1.0	0.01	1	0.01	1773.Turdus.oliv1.lgi
all	minimal	Neorhizobium_galegae_bv_orientalis_str_HAMBI_540_	Cronobacter_sakazakii_ATCC_29544_	M_rib__D_e	1.0	0.01	1	0.01	1773.Turdus.oliv1.lgi
all	minimal	Neorhizobium_galegae_bv_orientalis_str_HAMBI_540_	Cronobacter_sakazakii_ATCC_29544_	M_thr__L_e	1.0	0.01	1	0.01	1773.Turdus.oliv1.lgi
all	minimal	Neorhizobium_galegae_bv_orientalis_str_HAMBI_540_	Cronobacter_sakazakii_ATCC_29544_	M_xyl__D_e	1.0	0.01	1	0.01	1773.Turdus.oliv1.lgi
all	minimal	Neorhizobium_galegae_bv_orientalis_str_HAMBI_540_	Streptomyces_cinnamoneus_ATCC_12686_	M_acald_e	1.0	0.01	1	0.01	1773.Turdus.oliv1.lgi
all	minimal	Neorhizobium_galegae_bv_orientalis_str_HAMBI_540_	Streptomyces_cinnamoneus_ATCC_12686_	M_arg__L_e	1.0	0.01	1	0.01	1773.Turdus.oliv1.lgi
all	minimal	Neorhizobium_galegae_bv_orientalis_str_HAMBI_540_	Streptomyces_cinnamoneus_ATCC_12686_	M_cgly_e	1.0	0.01	1	0.01	1773.Turdus.oliv1.lgi
all	minimal	Neorhizobium_galegae_bv_orientalis_str_HAMBI_540_	Streptomyces_cinnamoneus_ATCC_12686_	M_fe2_e	1.0	0.02	1	0.02	1773.Turdus.oliv1.lgi
all	minimal	Neorhizobium_galegae_bv_orientalis_str_HAMBI_540_	Streptomyces_cinnamoneus_ATCC_12686_	M_fe3_e	1.0	0.03	1	0.03	1773.Turdus.oliv1.lgi
all	minimal	Neorhizobium_galegae_bv_orientalis_str_HAMBI_540_	Streptomyces_cinnamoneus_ATCC_12686_	M_glyc_e	1.0	0.02	1	0.02	1773.Turdus.oliv1.lgi
all	minimal	Neorhizobium_galegae_bv_orientalis_str_HAMBI_540_	Streptomyces_cinnamoneus_ATCC_12686_	M_gthrd_e	1.0	0.02	1	0.02	1773.Turdus.oliv1.lgi
all	minimal	Neorhizobium_galegae_bv_orientalis_str_HAMBI_540_	Streptomyces_cinnamoneus_ATCC_12686_	M_h2s_e	1.0	0.03	1	0.03	1773.Turdus.oliv1.lgi
all	minimal	Neorhizobium_galegae_bv_orientalis_str_HAMBI_540_	Streptomyces_cinnamoneus_ATCC_12686_	M_h_e	1.0	0.02	1	0.02	1773.Turdus.oliv1.lgi
all	minimal	Neorhizobium_galegae_bv_orientalis_str_HAMBI_540_	Streptomyces_cinnamoneus_ATCC_12686_	M_lys__L_e	1.0	0.02	1	0.02	1773.Turdus.oliv1.lgi
all	minimal	Neorhizobium_galegae_bv_orientalis_str_HAMBI_540_	Streptomyces_cinnamoneus_ATCC_12686_	M_no2_e	1.0	0.01	1	0.01	1773.Turdus.oliv1.lgi
all	minimal	Neorhizobium_galegae_bv_orientalis_str_HAMBI_540_	Streptomyces_cinnamoneus_ATCC_12686_	M_o2_e	1.0	0.94	1	0.94	1773.Turdus.oliv1.lgi
all	minimal	Neorhizobium_galegae_bv_orientalis_str_HAMBI_540_	Streptomyces_cinnamoneus_ATCC_12686_	M_orn_e	1.0	0.01	1	0.01	1773.Turdus.oliv1.lgi
all	minimal	Neorhizobium_galegae_bv_orientalis_str_HAMBI_540_	Streptomyces_cinnamoneus_ATCC_12686_	M_rib__D_e	1.0	0.01	1	0.01	1773.Turdus.oliv1.lgi
all	minimal	Streptomyces_cinnamoneus_ATCC_12686_	Bacillus_pumilus_SH_B9_	M_arg__L_e	1.0	0.01	1	0.01	1773.Turdus.oliv1.lgi
all	minimal	Streptomyces_cinnamoneus_ATCC_12686_	Bacillus_pumilus_SH_B9_	M_cu2_e	1.0	1.0	1	1.0	1773.Turdus.oliv1.lgi
all	minimal	Streptomyces_cinnamoneus_ATCC_12686_	Bacillus_pumilus_SH_B9_	M_fe2_e	1.0	0.01	1	0.01	1773.Turdus.oliv1.lgi
all	minimal	Streptomyces_cinnamoneus_ATCC_12686_	Bacillus_pumilus_SH_B9_	M_fe3_e	1.0	0.02	1	0.02	1773.Turdus.oliv1.lgi
all	minimal	Streptomyces_cinnamoneus_ATCC_12686_	Bacillus_pumilus_SH_B9_	M_fe3pyovd_kt_e	1.0	0.84	1	0.84	1773.Turdus.oliv1.lgi
all	minimal	Streptomyces_cinnamoneus_ATCC_12686_	Bacillus_pumilus_SH_B9_	M_glc__D_e	1.0	0.02	1	0.02	1773.Turdus.oliv1.lgi
all	minimal	Streptomyces_cinnamoneus_ATCC_12686_	Bacillus_pumilus_SH_B9_	M_glu__L_e	1.0	0.01	1	0.01	1773.Turdus.oliv1.lgi
all	minimal	Streptomyces_cinnamoneus_ATCC_12686_	Bacillus_pumilus_SH_B9_	M_glyald_e	1.0	0.02	1	0.02	1773.Turdus.oliv1.lgi
all	minimal	Streptomyces_cinnamoneus_ATCC_12686_	Bacillus_pumilus_SH_B9_	M_glyc_e	1.0	0.01	1	0.01	1773.Turdus.oliv1.lgi
all	minimal	Streptomyces_cinnamoneus_ATCC_12686_	Bacillus_pumilus_SH_B9_	M_gthrd_e	1.0	0.01	1	0.01	1773.Turdus.oliv1.lgi
all	minimal	Streptomyces_cinnamoneus_ATCC_12686_	Bacillus_pumilus_SH_B9_	M_h2s_e	1.0	0.01	1	0.01	1773.Turdus.oliv1.lgi
all	minimal	Streptomyces_cinnamoneus_ATCC_12686_	Bacillus_pumilus_SH_B9_	M_istfrnA_e	1.0	0.04	1	0.04	1773.Turdus.oliv1.lgi
all	minimal	Streptomyces_cinnamoneus_ATCC_12686_	Bacillus_pumilus_SH_B9_	M_istfrnB_e	1.0	0.06	1	0.06	1773.Turdus.oliv1.lgi
all	minimal	Streptomyces_cinnamoneus_ATCC_12686_	Bacillus_pumilus_SH_B9_	M_nh4_e	1.0	0.01	1	0.01	1773.Turdus.oliv1.lgi
all	minimal	Streptomyces_cinnamoneus_ATCC_12686_	Bacillus_pumilus_SH_B9_	M_xylan4_e	1.0	0.88	1	0.88	1773.Turdus.oliv1.lgi
all	minimal	Weissella_koreensis_KACC_15510_	Bacillus_bataviensis_LMG_21833_	M_acald_e	0.5	0.01	1	0.005	1773.Turdus.oliv1.lgi
all	minimal	Weissella_koreensis_KACC_15510_	Bacillus_bataviensis_LMG_21833_	M_ala__D_e	0.5	0.64	1	0.32	1773.Turdus.oliv1.lgi
all	minimal	Weissella_koreensis_KACC_15510_	Bacillus_bataviensis_LMG_21833_	M_ala__L_e	0.5	0.36	1	0.18	1773.Turdus.oliv1.lgi
all	minimal	Weissella_koreensis_KACC_15510_	Bacillus_bataviensis_LMG_21833_	M_arg__L_e	0.5	1.0	1	0.5	1773.Turdus.oliv1.lgi
all	minimal	Weissella_koreensis_KACC_15510_	Bacillus_bataviensis_LMG_21833_	M_cu2_e	0.5	1.0	1	0.5	1773.Turdus.oliv1.lgi
all	minimal	Weissella_koreensis_KACC_15510_	Bacillus_bataviensis_LMG_21833_	M_fe2_e	0.5	0.01	1	0.005	1773.Turdus.oliv1.lgi
all	minimal	Weissella_koreensis_KACC_15510_	Bacillus_bataviensis_LMG_21833_	M_fe3_e	0.5	0.26	1	0.13	1773.Turdus.oliv1.lgi
all	minimal	Weissella_koreensis_KACC_15510_	Bacillus_bataviensis_LMG_21833_	M_fe3pyovd_kt_e	0.5	0.74	1	0.37	1773.Turdus.oliv1.lgi
all	minimal	Weissella_koreensis_KACC_15510_	Bacillus_bataviensis_LMG_21833_	M_for_e	0.5	1.0	1	0.5	1773.Turdus.oliv1.lgi
all	minimal	Weissella_koreensis_KACC_15510_	Bacillus_bataviensis_LMG_21833_	M_glu__L_e	0.5	0.38	1	0.19	1773.Turdus.oliv1.lgi
all	minimal	Weissella_koreensis_KACC_15510_	Bacillus_bataviensis_LMG_21833_	M_glyald_e	0.5	0.53	1	0.265	1773.Turdus.oliv1.lgi
all	minimal	Weissella_koreensis_KACC_15510_	Bacillus_bataviensis_LMG_21833_	M_glyc_e	0.5	0.37	1	0.185	1773.Turdus.oliv1.lgi
all	minimal	Weissella_koreensis_KACC_15510_	Bacillus_bataviensis_LMG_21833_	M_gthrd_e	0.5	0.62	1	0.31	1773.Turdus.oliv1.lgi
all	minimal	Weissella_koreensis_KACC_15510_	Bacillus_bataviensis_LMG_21833_	M_gua_e	0.5	0.93	1	0.465	1773.Turdus.oliv1.lgi
all	minimal	Weissella_koreensis_KACC_15510_	Bacillus_bataviensis_LMG_21833_	M_h2o_e	0.5	0.01	1	0.005	1773.Turdus.oliv1.lgi
all	minimal	Weissella_koreensis_KACC_15510_	Bacillus_bataviensis_LMG_21833_	M_h2s_e	0.5	0.07	1	0.035	1773.Turdus.oliv1.lgi
all	minimal	Weissella_koreensis_KACC_15510_	Bacillus_bataviensis_LMG_21833_	M_h_e	0.5	0.23	1	0.115	1773.Turdus.oliv1.lgi
all	minimal	Weissella_koreensis_KACC_15510_	Bacillus_bataviensis_LMG_21833_	M_lys__L_e	0.5	1.0	1	0.5	1773.Turdus.oliv1.lgi
all	minimal	Weissella_koreensis_KACC_15510_	Bacillus_bataviensis_LMG_21833_	M_o2_e	0.5	0.78	1	0.39	1773.Turdus.oliv1.lgi
all	minimal	Weissella_koreensis_KACC_15510_	Bacillus_bataviensis_LMG_21833_	M_pi_e	0.5	1.0	1	0.5	1773.Turdus.oliv1.lgi
all	minimal	Weissella_koreensis_KACC_15510_	Bacillus_bataviensis_LMG_21833_	M_ura_e	0.5	1.0	1	0.5	1773.Turdus.oliv1.lgi
all	minimal	Weissella_koreensis_KACC_15510_	Bacillus_bataviensis_LMG_21833_	M_val__L_e	0.5	1.0	1	0.5	1773.Turdus.oliv1.lgi
all	minimal	Weissella_koreensis_KACC_15510_	Bacillus_humi_DSM_16318_	M_acald_e	1.0	0.01	1	0.01	1773.Turdus.oliv1.lgi
all	minimal	Weissella_koreensis_KACC_15510_	Bacillus_humi_DSM_16318_	M_arg__L_e	1.0	1.0	1	1.0	1773.Turdus.oliv1.lgi
all	minimal	Weissella_koreensis_KACC_15510_	Bacillus_humi_DSM_16318_	M_cu2_e	1.0	1.0	1	1.0	1773.Turdus.oliv1.lgi
all	minimal	Weissella_koreensis_KACC_15510_	Bacillus_humi_DSM_16318_	M_fe2_e	1.0	0.01	1	0.01	1773.Turdus.oliv1.lgi
all	minimal	Weissella_koreensis_KACC_15510_	Bacillus_humi_DSM_16318_	M_fe3_e	1.0	0.26	1	0.26	1773.Turdus.oliv1.lgi
all	minimal	Weissella_koreensis_KACC_15510_	Bacillus_humi_DSM_16318_	M_fe3pyovd_kt_e	1.0	0.74	1	0.74	1773.Turdus.oliv1.lgi
all	minimal	Weissella_koreensis_KACC_15510_	Bacillus_humi_DSM_16318_	M_glyald_e	1.0	0.53	1	0.53	1773.Turdus.oliv1.lgi
all	minimal	Weissella_koreensis_KACC_15510_	Bacillus_humi_DSM_16318_	M_glyc_e	1.0	0.37	1	0.37	1773.Turdus.oliv1.lgi
all	minimal	Weissella_koreensis_KACC_15510_	Bacillus_humi_DSM_16318_	M_gua_e	1.0	0.93	1	0.93	1773.Turdus.oliv1.lgi
all	minimal	Weissella_koreensis_KACC_15510_	Bacillus_humi_DSM_16318_	M_h2o_e	1.0	0.01	1	0.01	1773.Turdus.oliv1.lgi
all	minimal	Weissella_koreensis_KACC_15510_	Bacillus_humi_DSM_16318_	M_h2s_e	1.0	0.07	1	0.07	1773.Turdus.oliv1.lgi
all	minimal	Weissella_koreensis_KACC_15510_	Bacillus_humi_DSM_16318_	M_h_e	1.0	0.23	1	0.23	1773.Turdus.oliv1.lgi
all	minimal	Weissella_koreensis_KACC_15510_	Bacillus_humi_DSM_16318_	M_lys__L_e	1.0	1.0	1	1.0	1773.Turdus.oliv1.lgi
all	minimal	Weissella_koreensis_KACC_15510_	Bacillus_humi_DSM_16318_	M_pi_e	1.0	1.0	1	1.0	1773.Turdus.oliv1.lgi
all	minimal	Weissella_koreensis_KACC_15510_	Bacillus_humi_DSM_16318_	M_ura_e	1.0	1.0	1	1.0	1773.Turdus.oliv1.lgi
all	minimal	Weissella_koreensis_KACC_15510_	Bacillus_pumilus_SH_B9_	M_acald_e	0.5	0.01	1	0.005	1773.Turdus.oliv1.lgi
all	minimal	Weissella_koreensis_KACC_15510_	Bacillus_pumilus_SH_B9_	M_ala__D_e	0.5	0.64	1	0.32	1773.Turdus.oliv1.lgi
all	minimal	Weissella_koreensis_KACC_15510_	Bacillus_pumilus_SH_B9_	M_arg__L_e	0.5	1.0	1	0.5	1773.Turdus.oliv1.lgi
all	minimal	Weissella_koreensis_KACC_15510_	Bacillus_pumilus_SH_B9_	M_cu2_e	0.5	1.0	1	0.5	1773.Turdus.oliv1.lgi
all	minimal	Weissella_koreensis_KACC_15510_	Bacillus_pumilus_SH_B9_	M_fe2_e	0.5	0.01	1	0.005	1773.Turdus.oliv1.lgi
all	minimal	Weissella_koreensis_KACC_15510_	Bacillus_pumilus_SH_B9_	M_fe3_e	0.5	0.26	1	0.13	1773.Turdus.oliv1.lgi
all	minimal	Weissella_koreensis_KACC_15510_	Bacillus_pumilus_SH_B9_	M_fe3pyovd_kt_e	0.5	0.74	1	0.37	1773.Turdus.oliv1.lgi
all	minimal	Weissella_koreensis_KACC_15510_	Bacillus_pumilus_SH_B9_	M_for_e	0.5	1.0	1	0.5	1773.Turdus.oliv1.lgi
all	minimal	Weissella_koreensis_KACC_15510_	Bacillus_pumilus_SH_B9_	M_glu__L_e	0.5	0.38	1	0.19	1773.Turdus.oliv1.lgi
all	minimal	Weissella_koreensis_KACC_15510_	Bacillus_pumilus_SH_B9_	M_glyald_e	0.5	0.53	1	0.265	1773.Turdus.oliv1.lgi
all	minimal	Weissella_koreensis_KACC_15510_	Bacillus_pumilus_SH_B9_	M_glyc_e	0.5	0.37	1	0.185	1773.Turdus.oliv1.lgi
all	minimal	Weissella_koreensis_KACC_15510_	Bacillus_pumilus_SH_B9_	M_gthrd_e	0.5	0.62	1	0.31	1773.Turdus.oliv1.lgi
all	minimal	Weissella_koreensis_KACC_15510_	Bacillus_pumilus_SH_B9_	M_h2o_e	0.5	0.01	1	0.005	1773.Turdus.oliv1.lgi
all	minimal	Weissella_koreensis_KACC_15510_	Bacillus_pumilus_SH_B9_	M_h2s_e	0.5	0.07	1	0.035	1773.Turdus.oliv1.lgi
all	minimal	Weissella_koreensis_KACC_15510_	Bacillus_pumilus_SH_B9_	M_h_e	0.5	0.23	1	0.115	1773.Turdus.oliv1.lgi
all	minimal	Weissella_koreensis_KACC_15510_	Bacillus_pumilus_SH_B9_	M_lys__L_e	0.5	1.0	1	0.5	1773.Turdus.oliv1.lgi
all	minimal	Weissella_koreensis_KACC_15510_	Bacillus_pumilus_SH_B9_	M_val__L_e	0.5	1.0	1	0.5	1773.Turdus.oliv1.lgi
all	minimal	Weissella_koreensis_KACC_15510_	Cronobacter_sakazakii_ATCC_29544_	M_acald_e	1.0	0.01	1	0.01	1773.Turdus.oliv1.lgi
all	minimal	Weissella_koreensis_KACC_15510_	Cronobacter_sakazakii_ATCC_29544_	M_ala__D_e	1.0	0.64	1	0.64	1773.Turdus.oliv1.lgi
all	minimal	Weissella_koreensis_KACC_15510_	Cronobacter_sakazakii_ATCC_29544_	M_ala__L_e	1.0	0.36	1	0.36	1773.Turdus.oliv1.lgi
all	minimal	Weissella_koreensis_KACC_15510_	Cronobacter_sakazakii_ATCC_29544_	M_arg__L_e	1.0	1.0	1	1.0	1773.Turdus.oliv1.lgi
all	minimal	Weissella_koreensis_KACC_15510_	Cronobacter_sakazakii_ATCC_29544_	M_asp__L_e	1.0	0.01	1	0.01	1773.Turdus.oliv1.lgi
all	minimal	Weissella_koreensis_KACC_15510_	Cronobacter_sakazakii_ATCC_29544_	M_cellb_e	1.0	0.05	1	0.05	1773.Turdus.oliv1.lgi
all	minimal	Weissella_koreensis_KACC_15510_	Cronobacter_sakazakii_ATCC_29544_	M_cu2_e	1.0	1.0	1	1.0	1773.Turdus.oliv1.lgi
all	minimal	Weissella_koreensis_KACC_15510_	Cronobacter_sakazakii_ATCC_29544_	M_cys__L_e	1.0	0.38	1	0.38	1773.Turdus.oliv1.lgi
all	minimal	Weissella_koreensis_KACC_15510_	Cronobacter_sakazakii_ATCC_29544_	M_fe2_e	1.0	0.01	1	0.01	1773.Turdus.oliv1.lgi
all	minimal	Weissella_koreensis_KACC_15510_	Cronobacter_sakazakii_ATCC_29544_	M_fe3_e	1.0	0.26	1	0.26	1773.Turdus.oliv1.lgi
all	minimal	Weissella_koreensis_KACC_15510_	Cronobacter_sakazakii_ATCC_29544_	M_fe3pyovd_kt_e	1.0	0.74	1	0.74	1773.Turdus.oliv1.lgi
all	minimal	Weissella_koreensis_KACC_15510_	Cronobacter_sakazakii_ATCC_29544_	M_for_e	1.0	1.0	1	1.0	1773.Turdus.oliv1.lgi
all	minimal	Weissella_koreensis_KACC_15510_	Cronobacter_sakazakii_ATCC_29544_	M_glu__L_e	1.0	0.38	1	0.38	1773.Turdus.oliv1.lgi
all	minimal	Weissella_koreensis_KACC_15510_	Cronobacter_sakazakii_ATCC_29544_	M_glyald_e	1.0	0.53	1	0.53	1773.Turdus.oliv1.lgi
all	minimal	Weissella_koreensis_KACC_15510_	Cronobacter_sakazakii_ATCC_29544_	M_glyc_e	1.0	0.37	1	0.37	1773.Turdus.oliv1.lgi
all	minimal	Weissella_koreensis_KACC_15510_	Cronobacter_sakazakii_ATCC_29544_	M_gthrd_e	1.0	0.62	1	0.62	1773.Turdus.oliv1.lgi
all	minimal	Weissella_koreensis_KACC_15510_	Cronobacter_sakazakii_ATCC_29544_	M_gua_e	1.0	0.93	1	0.93	1773.Turdus.oliv1.lgi
all	minimal	Weissella_koreensis_KACC_15510_	Cronobacter_sakazakii_ATCC_29544_	M_h2o_e	1.0	0.01	1	0.01	1773.Turdus.oliv1.lgi
all	minimal	Weissella_koreensis_KACC_15510_	Cronobacter_sakazakii_ATCC_29544_	M_h2s_e	1.0	0.07	1	0.07	1773.Turdus.oliv1.lgi
all	minimal	Weissella_koreensis_KACC_15510_	Cronobacter_sakazakii_ATCC_29544_	M_h_e	1.0	0.23	1	0.23	1773.Turdus.oliv1.lgi
all	minimal	Weissella_koreensis_KACC_15510_	Cronobacter_sakazakii_ATCC_29544_	M_leu__L_e	1.0	1.0	1	1.0	1773.Turdus.oliv1.lgi
all	minimal	Weissella_koreensis_KACC_15510_	Cronobacter_sakazakii_ATCC_29544_	M_lys__L_e	1.0	1.0	1	1.0	1773.Turdus.oliv1.lgi
all	minimal	Weissella_koreensis_KACC_15510_	Cronobacter_sakazakii_ATCC_29544_	M_phe__L_e	1.0	1.0	1	1.0	1773.Turdus.oliv1.lgi
all	minimal	Weissella_koreensis_KACC_15510_	Cronobacter_sakazakii_ATCC_29544_	M_pi_e	1.0	1.0	1	1.0	1773.Turdus.oliv1.lgi
all	minimal	Weissella_koreensis_KACC_15510_	Cronobacter_sakazakii_ATCC_29544_	M_thr__L_e	1.0	1.0	1	1.0	1773.Turdus.oliv1.lgi
all	minimal	Weissella_koreensis_KACC_15510_	Cronobacter_sakazakii_ATCC_29544_	M_tyr__L_e	1.0	1.0	1	1.0	1773.Turdus.oliv1.lgi
all	minimal	Weissella_koreensis_KACC_15510_	Cronobacter_sakazakii_ATCC_29544_	M_xan_e	1.0	0.07	1	0.07	1773.Turdus.oliv1.lgi
all	minimal	Weissella_koreensis_KACC_15510_	Cronobacter_sakazakii_ATCC_29544_	M_xyl__D_e	1.0	0.08	1	0.08	1773.Turdus.oliv1.lgi
all	minimal	Weissella_koreensis_KACC_15510_	Lactobacillus_acidipiscis_ACA_DC_1533_	M_4abz_e	1.0	1.0	1	1.0	1773.Turdus.oliv1.lgi
all	minimal	Weissella_koreensis_KACC_15510_	Lactobacillus_acidipiscis_ACA_DC_1533_	M_acald_e	1.0	0.01	1	0.01	1773.Turdus.oliv1.lgi
all	minimal	Weissella_koreensis_KACC_15510_	Lactobacillus_acidipiscis_ACA_DC_1533_	M_ala__D_e	1.0	0.64	1	0.64	1773.Turdus.oliv1.lgi
all	minimal	Weissella_koreensis_KACC_15510_	Lactobacillus_acidipiscis_ACA_DC_1533_	M_asp__L_e	1.0	0.01	1	0.01	1773.Turdus.oliv1.lgi
all	minimal	Weissella_koreensis_KACC_15510_	Lactobacillus_acidipiscis_ACA_DC_1533_	M_cu2_e	1.0	1.0	1	1.0	1773.Turdus.oliv1.lgi
all	minimal	Weissella_koreensis_KACC_15510_	Lactobacillus_acidipiscis_ACA_DC_1533_	M_fe2_e	1.0	0.01	1	0.01	1773.Turdus.oliv1.lgi
all	minimal	Weissella_koreensis_KACC_15510_	Lactobacillus_acidipiscis_ACA_DC_1533_	M_fe3_e	1.0	0.26	1	0.26	1773.Turdus.oliv1.lgi
all	minimal	Weissella_koreensis_KACC_15510_	Lactobacillus_acidipiscis_ACA_DC_1533_	M_fe3pyovd_kt_e	1.0	0.74	1	0.74	1773.Turdus.oliv1.lgi
all	minimal	Weissella_koreensis_KACC_15510_	Lactobacillus_acidipiscis_ACA_DC_1533_	M_for_e	1.0	1.0	1	1.0	1773.Turdus.oliv1.lgi
all	minimal	Weissella_koreensis_KACC_15510_	Lactobacillus_acidipiscis_ACA_DC_1533_	M_glyald_e	1.0	0.53	1	0.53	1773.Turdus.oliv1.lgi
all	minimal	Weissella_koreensis_KACC_15510_	Lactobacillus_acidipiscis_ACA_DC_1533_	M_glyc_e	1.0	0.37	1	0.37	1773.Turdus.oliv1.lgi
all	minimal	Weissella_koreensis_KACC_15510_	Lactobacillus_acidipiscis_ACA_DC_1533_	M_h2o_e	1.0	0.01	1	0.01	1773.Turdus.oliv1.lgi
all	minimal	Weissella_koreensis_KACC_15510_	Lactobacillus_acidipiscis_ACA_DC_1533_	M_h2s_e	1.0	0.07	1	0.07	1773.Turdus.oliv1.lgi
all	minimal	Weissella_koreensis_KACC_15510_	Lactobacillus_acidipiscis_ACA_DC_1533_	M_h_e	1.0	0.23	1	0.23	1773.Turdus.oliv1.lgi
all	minimal	Weissella_koreensis_KACC_15510_	Lactobacillus_acidipiscis_ACA_DC_1533_	M_lys__L_e	1.0	1.0	1	1.0	1773.Turdus.oliv1.lgi
all	minimal	Weissella_koreensis_KACC_15510_	Neorhizobium_galegae_bv_orientalis_str_HAMBI_540_	M_acald_e	0.5	0.01	1	0.005	1773.Turdus.oliv1.lgi
all	minimal	Weissella_koreensis_KACC_15510_	Neorhizobium_galegae_bv_orientalis_str_HAMBI_540_	M_arg__L_e	0.5	1.0	1	0.5	1773.Turdus.oliv1.lgi
all	minimal	Weissella_koreensis_KACC_15510_	Neorhizobium_galegae_bv_orientalis_str_HAMBI_540_	M_asp__L_e	0.5	0.01	1	0.005	1773.Turdus.oliv1.lgi
all	minimal	Weissella_koreensis_KACC_15510_	Neorhizobium_galegae_bv_orientalis_str_HAMBI_540_	M_fe2_e	0.5	0.01	1	0.005	1773.Turdus.oliv1.lgi
all	minimal	Weissella_koreensis_KACC_15510_	Neorhizobium_galegae_bv_orientalis_str_HAMBI_540_	M_fe3_e	0.5	0.26	1	0.13	1773.Turdus.oliv1.lgi
all	minimal	Weissella_koreensis_KACC_15510_	Neorhizobium_galegae_bv_orientalis_str_HAMBI_540_	M_fe3pyovd_kt_e	0.5	0.74	1	0.37	1773.Turdus.oliv1.lgi
all	minimal	Weissella_koreensis_KACC_15510_	Neorhizobium_galegae_bv_orientalis_str_HAMBI_540_	M_for_e	0.5	1.0	1	0.5	1773.Turdus.oliv1.lgi
all	minimal	Weissella_koreensis_KACC_15510_	Neorhizobium_galegae_bv_orientalis_str_HAMBI_540_	M_glu__L_e	0.5	0.38	1	0.19	1773.Turdus.oliv1.lgi
all	minimal	Weissella_koreensis_KACC_15510_	Neorhizobium_galegae_bv_orientalis_str_HAMBI_540_	M_glyc_e	0.5	0.37	1	0.185	1773.Turdus.oliv1.lgi
all	minimal	Weissella_koreensis_KACC_15510_	Neorhizobium_galegae_bv_orientalis_str_HAMBI_540_	M_gthrd_e	0.5	0.62	1	0.31	1773.Turdus.oliv1.lgi
all	minimal	Weissella_koreensis_KACC_15510_	Neorhizobium_galegae_bv_orientalis_str_HAMBI_540_	M_h2o_e	0.5	0.01	1	0.005	1773.Turdus.oliv1.lgi
all	minimal	Weissella_koreensis_KACC_15510_	Neorhizobium_galegae_bv_orientalis_str_HAMBI_540_	M_h2s_e	0.5	0.07	1	0.035	1773.Turdus.oliv1.lgi
all	minimal	Weissella_koreensis_KACC_15510_	Neorhizobium_galegae_bv_orientalis_str_HAMBI_540_	M_h_e	0.5	0.23	1	0.115	1773.Turdus.oliv1.lgi
all	minimal	Weissella_koreensis_KACC_15510_	Neorhizobium_galegae_bv_orientalis_str_HAMBI_540_	M_leu__L_e	0.5	1.0	1	0.5	1773.Turdus.oliv1.lgi
all	minimal	Weissella_koreensis_KACC_15510_	Neorhizobium_galegae_bv_orientalis_str_HAMBI_540_	M_lys__L_e	0.5	1.0	1	0.5	1773.Turdus.oliv1.lgi
all	minimal	Weissella_koreensis_KACC_15510_	Neorhizobium_galegae_bv_orientalis_str_HAMBI_540_	M_pi_e	0.5	1.0	1	0.5	1773.Turdus.oliv1.lgi
all	minimal	Weissella_koreensis_KACC_15510_	Neorhizobium_galegae_bv_orientalis_str_HAMBI_540_	M_val__L_e	0.5	1.0	1	0.5	1773.Turdus.oliv1.lgi
