Unnamed: 0	community	medium	receiver	donor	compound	scs	mus	mps	smetana	sample
0	all	minimal	Bacillus_circulans_NBRC_13626_	Desulfosarcina_cetonica_JCM_12296_	M_acald_e	0.3333333333333333	0.01	1	0.0033333333333333	678.seasonal.insitu.sample.491
1	all	minimal	Bacillus_circulans_NBRC_13626_	Desulfosarcina_cetonica_JCM_12296_	M_actn__R_e	0.3333333333333333	0.01	1	0.0033333333333333	678.seasonal.insitu.sample.491
2	all	minimal	Bacillus_circulans_NBRC_13626_	Desulfosarcina_cetonica_JCM_12296_	M_arg__L_e	0.3333333333333333	0.03	1	0.0099999999999999	678.seasonal.insitu.sample.491
3	all	minimal	Bacillus_circulans_NBRC_13626_	Desulfosarcina_cetonica_JCM_12296_	M_cytd_e	0.3333333333333333	0.23	1	0.0766666666666666	678.seasonal.insitu.sample.491
4	all	minimal	Bacillus_circulans_NBRC_13626_	Desulfosarcina_cetonica_JCM_12296_	M_etoh_e	0.3333333333333333	0.01	1	0.0033333333333333	678.seasonal.insitu.sample.491
5	all	minimal	Bacillus_circulans_NBRC_13626_	Desulfosarcina_cetonica_JCM_12296_	M_fe2_e	0.3333333333333333	0.27	1	0.09	678.seasonal.insitu.sample.491
6	all	minimal	Bacillus_circulans_NBRC_13626_	Desulfosarcina_cetonica_JCM_12296_	M_fe3_e	0.3333333333333333	0.69	1	0.2299999999999999	678.seasonal.insitu.sample.491
7	all	minimal	Bacillus_circulans_NBRC_13626_	Desulfosarcina_cetonica_JCM_12296_	M_fe3pyovd_kt_e	0.3333333333333333	0.01	1	0.0033333333333333	678.seasonal.insitu.sample.491
8	all	minimal	Bacillus_circulans_NBRC_13626_	Desulfosarcina_cetonica_JCM_12296_	M_glyald_e	0.3333333333333333	0.01	1	0.0033333333333333	678.seasonal.insitu.sample.491
9	all	minimal	Bacillus_circulans_NBRC_13626_	Desulfosarcina_cetonica_JCM_12296_	M_glyc_e	0.3333333333333333	0.01	1	0.0033333333333333	678.seasonal.insitu.sample.491
10	all	minimal	Bacillus_circulans_NBRC_13626_	Desulfosarcina_cetonica_JCM_12296_	M_gua_e	0.3333333333333333	0.02	1	0.0066666666666666	678.seasonal.insitu.sample.491
11	all	minimal	Bacillus_circulans_NBRC_13626_	Desulfosarcina_cetonica_JCM_12296_	M_h2s_e	0.3333333333333333	0.2	1	0.0666666666666666	678.seasonal.insitu.sample.491
12	all	minimal	Bacillus_circulans_NBRC_13626_	Desulfosarcina_cetonica_JCM_12296_	M_inost_e	0.3333333333333333	0.04	1	0.0133333333333333	678.seasonal.insitu.sample.491
13	all	minimal	Bacillus_circulans_NBRC_13626_	Desulfosarcina_cetonica_JCM_12296_	M_lys__L_e	0.3333333333333333	0.01	1	0.0033333333333333	678.seasonal.insitu.sample.491
14	all	minimal	Bacillus_circulans_NBRC_13626_	Desulfosarcina_cetonica_JCM_12296_	M_pi_e	0.3333333333333333	0.05	1	0.0166666666666666	678.seasonal.insitu.sample.491
15	all	minimal	Bacillus_circulans_NBRC_13626_	Desulfosarcina_cetonica_JCM_12296_	M_uri_e	0.3333333333333333	0.02	1	0.0066666666666666	678.seasonal.insitu.sample.491
16	all	minimal	Bacillus_circulans_NBRC_13626_	Ilyobacter_polytropus_DSM_2926_	M_acald_e	1.0	0.01	1	0.01	678.seasonal.insitu.sample.491
17	all	minimal	Bacillus_circulans_NBRC_13626_	Ilyobacter_polytropus_DSM_2926_	M_ala__D_e	1.0	0.01	1	0.01	678.seasonal.insitu.sample.491
18	all	minimal	Bacillus_circulans_NBRC_13626_	Ilyobacter_polytropus_DSM_2926_	M_arg__L_e	1.0	0.03	1	0.03	678.seasonal.insitu.sample.491
19	all	minimal	Bacillus_circulans_NBRC_13626_	Ilyobacter_polytropus_DSM_2926_	M_etoh_e	1.0	0.01	1	0.01	678.seasonal.insitu.sample.491
20	all	minimal	Bacillus_circulans_NBRC_13626_	Ilyobacter_polytropus_DSM_2926_	M_fe2_e	1.0	0.27	1	0.27	678.seasonal.insitu.sample.491
21	all	minimal	Bacillus_circulans_NBRC_13626_	Ilyobacter_polytropus_DSM_2926_	M_fe3_e	1.0	0.69	1	0.69	678.seasonal.insitu.sample.491
22	all	minimal	Bacillus_circulans_NBRC_13626_	Ilyobacter_polytropus_DSM_2926_	M_fe3pyovd_kt_e	1.0	0.01	1	0.01	678.seasonal.insitu.sample.491
23	all	minimal	Bacillus_circulans_NBRC_13626_	Ilyobacter_polytropus_DSM_2926_	M_glyald_e	1.0	0.01	1	0.01	678.seasonal.insitu.sample.491
24	all	minimal	Bacillus_circulans_NBRC_13626_	Ilyobacter_polytropus_DSM_2926_	M_glyc_e	1.0	0.01	1	0.01	678.seasonal.insitu.sample.491
25	all	minimal	Bacillus_circulans_NBRC_13626_	Ilyobacter_polytropus_DSM_2926_	M_gua_e	1.0	0.02	1	0.02	678.seasonal.insitu.sample.491
26	all	minimal	Bacillus_circulans_NBRC_13626_	Ilyobacter_polytropus_DSM_2926_	M_h2s_e	1.0	0.2	1	0.2	678.seasonal.insitu.sample.491
27	all	minimal	Bacillus_circulans_NBRC_13626_	Ilyobacter_polytropus_DSM_2926_	M_lys__L_e	1.0	0.01	1	0.01	678.seasonal.insitu.sample.491
28	all	minimal	Bacillus_circulans_NBRC_13626_	Psychromonas_arctica_DSM_14288_	M_acald_e	0.3333333333333333	0.01	1	0.0033333333333333	678.seasonal.insitu.sample.491
29	all	minimal	Bacillus_circulans_NBRC_13626_	Psychromonas_arctica_DSM_14288_	M_arg__L_e	0.3333333333333333	0.03	1	0.0099999999999999	678.seasonal.insitu.sample.491
30	all	minimal	Bacillus_circulans_NBRC_13626_	Psychromonas_arctica_DSM_14288_	M_asp__L_e	0.3333333333333333	0.01	1	0.0033333333333333	678.seasonal.insitu.sample.491
31	all	minimal	Bacillus_circulans_NBRC_13626_	Psychromonas_arctica_DSM_14288_	M_cellb_e	0.3333333333333333	0.18	1	0.06	678.seasonal.insitu.sample.491
32	all	minimal	Bacillus_circulans_NBRC_13626_	Psychromonas_arctica_DSM_14288_	M_cgly_e	0.3333333333333333	0.1	1	0.0333333333333333	678.seasonal.insitu.sample.491
33	all	minimal	Bacillus_circulans_NBRC_13626_	Psychromonas_arctica_DSM_14288_	M_cys__L_e	0.3333333333333333	0.07	1	0.0233333333333333	678.seasonal.insitu.sample.491
34	all	minimal	Bacillus_circulans_NBRC_13626_	Psychromonas_arctica_DSM_14288_	M_cytd_e	0.3333333333333333	0.23	1	0.0766666666666666	678.seasonal.insitu.sample.491
35	all	minimal	Bacillus_circulans_NBRC_13626_	Psychromonas_arctica_DSM_14288_	M_etoh_e	0.3333333333333333	0.01	1	0.0033333333333333	678.seasonal.insitu.sample.491
36	all	minimal	Bacillus_circulans_NBRC_13626_	Psychromonas_arctica_DSM_14288_	M_fe2_e	0.3333333333333333	0.27	1	0.09	678.seasonal.insitu.sample.491
37	all	minimal	Bacillus_circulans_NBRC_13626_	Psychromonas_arctica_DSM_14288_	M_fe3_e	0.3333333333333333	0.69	1	0.2299999999999999	678.seasonal.insitu.sample.491
38	all	minimal	Bacillus_circulans_NBRC_13626_	Psychromonas_arctica_DSM_14288_	M_fe3pyovd_kt_e	0.3333333333333333	0.01	1	0.0033333333333333	678.seasonal.insitu.sample.491
39	all	minimal	Bacillus_circulans_NBRC_13626_	Psychromonas_arctica_DSM_14288_	M_g3pg_e	0.3333333333333333	0.5	1	0.1666666666666666	678.seasonal.insitu.sample.491
40	all	minimal	Bacillus_circulans_NBRC_13626_	Psychromonas_arctica_DSM_14288_	M_glc__D_e	0.3333333333333333	0.06	1	0.0199999999999999	678.seasonal.insitu.sample.491
41	all	minimal	Bacillus_circulans_NBRC_13626_	Psychromonas_arctica_DSM_14288_	M_glu__L_e	0.3333333333333333	0.01	1	0.0033333333333333	678.seasonal.insitu.sample.491
42	all	minimal	Bacillus_circulans_NBRC_13626_	Psychromonas_arctica_DSM_14288_	M_gly_e	0.3333333333333333	0.01	1	0.0033333333333333	678.seasonal.insitu.sample.491
43	all	minimal	Bacillus_circulans_NBRC_13626_	Psychromonas_arctica_DSM_14288_	M_glyald_e	0.3333333333333333	0.01	1	0.0033333333333333	678.seasonal.insitu.sample.491
44	all	minimal	Bacillus_circulans_NBRC_13626_	Psychromonas_arctica_DSM_14288_	M_glyc3p_e	0.3333333333333333	0.29	1	0.0966666666666666	678.seasonal.insitu.sample.491
45	all	minimal	Bacillus_circulans_NBRC_13626_	Psychromonas_arctica_DSM_14288_	M_glyc_e	0.3333333333333333	0.01	1	0.0033333333333333	678.seasonal.insitu.sample.491
46	all	minimal	Bacillus_circulans_NBRC_13626_	Psychromonas_arctica_DSM_14288_	M_gthrd_e	0.3333333333333333	0.09	1	0.03	678.seasonal.insitu.sample.491
47	all	minimal	Bacillus_circulans_NBRC_13626_	Psychromonas_arctica_DSM_14288_	M_gua_e	0.3333333333333333	0.02	1	0.0066666666666666	678.seasonal.insitu.sample.491
48	all	minimal	Bacillus_circulans_NBRC_13626_	Psychromonas_arctica_DSM_14288_	M_h2s_e	0.3333333333333333	0.2	1	0.0666666666666666	678.seasonal.insitu.sample.491
49	all	minimal	Bacillus_circulans_NBRC_13626_	Psychromonas_arctica_DSM_14288_	M_leu__L_e	0.3333333333333333	0.01	1	0.0033333333333333	678.seasonal.insitu.sample.491
50	all	minimal	Bacillus_circulans_NBRC_13626_	Psychromonas_arctica_DSM_14288_	M_lys__L_e	0.3333333333333333	0.01	1	0.0033333333333333	678.seasonal.insitu.sample.491
51	all	minimal	Bacillus_circulans_NBRC_13626_	Psychromonas_arctica_DSM_14288_	M_met__L_e	0.3333333333333333	0.39	1	0.13	678.seasonal.insitu.sample.491
52	all	minimal	Bacillus_circulans_NBRC_13626_	Psychromonas_arctica_DSM_14288_	M_pi_e	0.3333333333333333	0.05	1	0.0166666666666666	678.seasonal.insitu.sample.491
53	all	minimal	Bacillus_circulans_NBRC_13626_	Psychromonas_arctica_DSM_14288_	M_uri_e	0.3333333333333333	0.02	1	0.0066666666666666	678.seasonal.insitu.sample.491
54	all	minimal	Bacillus_circulans_NBRC_13626_	Psychromonas_ingrahamii_37_	M_LalaDgluMdap_e	0.6666666666666666	0.01	1	0.0066666666666666	678.seasonal.insitu.sample.491
55	all	minimal	Bacillus_circulans_NBRC_13626_	Psychromonas_ingrahamii_37_	M_acald_e	0.6666666666666666	0.01	1	0.0066666666666666	678.seasonal.insitu.sample.491
56	all	minimal	Bacillus_circulans_NBRC_13626_	Psychromonas_ingrahamii_37_	M_ala__D_e	0.6666666666666666	0.01	1	0.0066666666666666	678.seasonal.insitu.sample.491
57	all	minimal	Bacillus_circulans_NBRC_13626_	Psychromonas_ingrahamii_37_	M_arg__L_e	0.6666666666666666	0.03	1	0.0199999999999999	678.seasonal.insitu.sample.491
58	all	minimal	Bacillus_circulans_NBRC_13626_	Psychromonas_ingrahamii_37_	M_asp__L_e	0.6666666666666666	0.01	1	0.0066666666666666	678.seasonal.insitu.sample.491
59	all	minimal	Bacillus_circulans_NBRC_13626_	Psychromonas_ingrahamii_37_	M_cellb_e	0.6666666666666666	0.18	1	0.12	678.seasonal.insitu.sample.491
60	all	minimal	Bacillus_circulans_NBRC_13626_	Psychromonas_ingrahamii_37_	M_cgly_e	0.6666666666666666	0.1	1	0.0666666666666666	678.seasonal.insitu.sample.491
61	all	minimal	Bacillus_circulans_NBRC_13626_	Psychromonas_ingrahamii_37_	M_cys__L_e	0.6666666666666666	0.07	1	0.0466666666666666	678.seasonal.insitu.sample.491
62	all	minimal	Bacillus_circulans_NBRC_13626_	Psychromonas_ingrahamii_37_	M_cytd_e	0.6666666666666666	0.23	1	0.1533333333333333	678.seasonal.insitu.sample.491
63	all	minimal	Bacillus_circulans_NBRC_13626_	Psychromonas_ingrahamii_37_	M_etoh_e	0.6666666666666666	0.01	1	0.0066666666666666	678.seasonal.insitu.sample.491
64	all	minimal	Bacillus_circulans_NBRC_13626_	Psychromonas_ingrahamii_37_	M_fe2_e	0.6666666666666666	0.27	1	0.18	678.seasonal.insitu.sample.491
65	all	minimal	Bacillus_circulans_NBRC_13626_	Psychromonas_ingrahamii_37_	M_fe3_e	0.6666666666666666	0.69	1	0.4599999999999999	678.seasonal.insitu.sample.491
66	all	minimal	Bacillus_circulans_NBRC_13626_	Psychromonas_ingrahamii_37_	M_fe3pyovd_kt_e	0.6666666666666666	0.01	1	0.0066666666666666	678.seasonal.insitu.sample.491
67	all	minimal	Bacillus_circulans_NBRC_13626_	Psychromonas_ingrahamii_37_	M_g3pg_e	0.6666666666666666	0.5	1	0.3333333333333333	678.seasonal.insitu.sample.491
68	all	minimal	Bacillus_circulans_NBRC_13626_	Psychromonas_ingrahamii_37_	M_glu__L_e	0.6666666666666666	0.01	1	0.0066666666666666	678.seasonal.insitu.sample.491
69	all	minimal	Bacillus_circulans_NBRC_13626_	Psychromonas_ingrahamii_37_	M_gly_e	0.6666666666666666	0.01	1	0.0066666666666666	678.seasonal.insitu.sample.491
70	all	minimal	Bacillus_circulans_NBRC_13626_	Psychromonas_ingrahamii_37_	M_glyald_e	0.6666666666666666	0.01	1	0.0066666666666666	678.seasonal.insitu.sample.491
71	all	minimal	Bacillus_circulans_NBRC_13626_	Psychromonas_ingrahamii_37_	M_glyc3p_e	0.6666666666666666	0.29	1	0.1933333333333333	678.seasonal.insitu.sample.491
72	all	minimal	Bacillus_circulans_NBRC_13626_	Psychromonas_ingrahamii_37_	M_glyc_e	0.6666666666666666	0.01	1	0.0066666666666666	678.seasonal.insitu.sample.491
73	all	minimal	Bacillus_circulans_NBRC_13626_	Psychromonas_ingrahamii_37_	M_gthrd_e	0.6666666666666666	0.09	1	0.06	678.seasonal.insitu.sample.491
74	all	minimal	Bacillus_circulans_NBRC_13626_	Psychromonas_ingrahamii_37_	M_gua_e	0.6666666666666666	0.02	1	0.0133333333333333	678.seasonal.insitu.sample.491
75	all	minimal	Bacillus_circulans_NBRC_13626_	Psychromonas_ingrahamii_37_	M_h2s_e	0.6666666666666666	0.2	1	0.1333333333333333	678.seasonal.insitu.sample.491
76	all	minimal	Bacillus_circulans_NBRC_13626_	Psychromonas_ingrahamii_37_	M_inost_e	0.6666666666666666	0.04	1	0.0266666666666666	678.seasonal.insitu.sample.491
77	all	minimal	Bacillus_circulans_NBRC_13626_	Psychromonas_ingrahamii_37_	M_leu__L_e	0.6666666666666666	0.01	1	0.0066666666666666	678.seasonal.insitu.sample.491
78	all	minimal	Bacillus_circulans_NBRC_13626_	Psychromonas_ingrahamii_37_	M_lys__L_e	0.6666666666666666	0.01	1	0.0066666666666666	678.seasonal.insitu.sample.491
79	all	minimal	Bacillus_circulans_NBRC_13626_	Psychromonas_ingrahamii_37_	M_met__L_e	0.6666666666666666	0.39	1	0.26	678.seasonal.insitu.sample.491
80	all	minimal	Bacillus_circulans_NBRC_13626_	Psychromonas_ingrahamii_37_	M_pi_e	0.6666666666666666	0.05	1	0.0333333333333333	678.seasonal.insitu.sample.491
81	all	minimal	Bacillus_circulans_NBRC_13626_	Psychromonas_ingrahamii_37_	M_uri_e	0.6666666666666666	0.02	1	0.0133333333333333	678.seasonal.insitu.sample.491
82	all	minimal	Bacillus_circulans_NBRC_13626_	Psychromonas_ingrahamii_37_	M_xan_e	0.6666666666666666	0.02	1	0.0133333333333333	678.seasonal.insitu.sample.491
83	all	minimal	Bacillus_circulans_NBRC_13626_	Romboutsia_timonensis_Marseille_P326_	M_acald_e	1.0	0.01	1	0.01	678.seasonal.insitu.sample.491
84	all	minimal	Bacillus_circulans_NBRC_13626_	Romboutsia_timonensis_Marseille_P326_	M_ala__D_e	1.0	0.01	1	0.01	678.seasonal.insitu.sample.491
85	all	minimal	Bacillus_circulans_NBRC_13626_	Romboutsia_timonensis_Marseille_P326_	M_cys__L_e	1.0	0.07	1	0.07	678.seasonal.insitu.sample.491
86	all	minimal	Bacillus_circulans_NBRC_13626_	Romboutsia_timonensis_Marseille_P326_	M_etoh_e	1.0	0.01	1	0.01	678.seasonal.insitu.sample.491
87	all	minimal	Bacillus_circulans_NBRC_13626_	Romboutsia_timonensis_Marseille_P326_	M_fe2_e	1.0	0.27	1	0.27	678.seasonal.insitu.sample.491
88	all	minimal	Bacillus_circulans_NBRC_13626_	Romboutsia_timonensis_Marseille_P326_	M_fe3_e	1.0	0.69	1	0.69	678.seasonal.insitu.sample.491
89	all	minimal	Bacillus_circulans_NBRC_13626_	Romboutsia_timonensis_Marseille_P326_	M_fe3pyovd_kt_e	1.0	0.01	1	0.01	678.seasonal.insitu.sample.491
90	all	minimal	Bacillus_circulans_NBRC_13626_	Romboutsia_timonensis_Marseille_P326_	M_glc__D_e	1.0	0.06	1	0.06	678.seasonal.insitu.sample.491
91	all	minimal	Bacillus_circulans_NBRC_13626_	Romboutsia_timonensis_Marseille_P326_	M_glu__L_e	1.0	0.01	1	0.01	678.seasonal.insitu.sample.491
92	all	minimal	Bacillus_circulans_NBRC_13626_	Romboutsia_timonensis_Marseille_P326_	M_glyc3p_e	1.0	0.29	1	0.29	678.seasonal.insitu.sample.491
93	all	minimal	Bacillus_circulans_NBRC_13626_	Romboutsia_timonensis_Marseille_P326_	M_glyc_e	1.0	0.01	1	0.01	678.seasonal.insitu.sample.491
94	all	minimal	Bacillus_circulans_NBRC_13626_	Romboutsia_timonensis_Marseille_P326_	M_glyclt_e	1.0	0.01	1	0.01	678.seasonal.insitu.sample.491
95	all	minimal	Bacillus_circulans_NBRC_13626_	Romboutsia_timonensis_Marseille_P326_	M_gua_e	1.0	0.02	1	0.02	678.seasonal.insitu.sample.491
96	all	minimal	Bacillus_circulans_NBRC_13626_	Romboutsia_timonensis_Marseille_P326_	M_h2s_e	1.0	0.2	1	0.2	678.seasonal.insitu.sample.491
97	all	minimal	Bacillus_circulans_NBRC_13626_	Romboutsia_timonensis_Marseille_P326_	M_o2_e	1.0	1.0	1	1.0	678.seasonal.insitu.sample.491
98	all	minimal	Bacillus_circulans_NBRC_13626_	Romboutsia_timonensis_Marseille_P326_	M_pi_e	1.0	0.05	1	0.05	678.seasonal.insitu.sample.491
99	all	minimal	Desulfocapsa_sulfexigens_DSM_10523_	Psychromonas_arctica_DSM_14288_	M_4abut_e	0.5	0.01	1	0.005	678.seasonal.insitu.sample.491
100	all	minimal	Desulfocapsa_sulfexigens_DSM_10523_	Psychromonas_arctica_DSM_14288_	M_acald_e	0.5	0.04	1	0.02	678.seasonal.insitu.sample.491
101	all	minimal	Desulfocapsa_sulfexigens_DSM_10523_	Psychromonas_arctica_DSM_14288_	M_cellb_e	0.5	0.59	1	0.295	678.seasonal.insitu.sample.491
102	all	minimal	Desulfocapsa_sulfexigens_DSM_10523_	Psychromonas_arctica_DSM_14288_	M_etoh_e	0.5	0.01	1	0.005	678.seasonal.insitu.sample.491
103	all	minimal	Desulfocapsa_sulfexigens_DSM_10523_	Psychromonas_arctica_DSM_14288_	M_fe2_e	0.5	0.66	1	0.33	678.seasonal.insitu.sample.491
104	all	minimal	Desulfocapsa_sulfexigens_DSM_10523_	Psychromonas_arctica_DSM_14288_	M_fe3_e	0.5	0.64	1	0.32	678.seasonal.insitu.sample.491
105	all	minimal	Desulfocapsa_sulfexigens_DSM_10523_	Psychromonas_arctica_DSM_14288_	M_fe3pyovd_kt_e	0.5	0.01	1	0.005	678.seasonal.insitu.sample.491
106	all	minimal	Desulfocapsa_sulfexigens_DSM_10523_	Psychromonas_arctica_DSM_14288_	M_g3pe_e	0.5	0.49	1	0.245	678.seasonal.insitu.sample.491
107	all	minimal	Desulfocapsa_sulfexigens_DSM_10523_	Psychromonas_arctica_DSM_14288_	M_g3pg_e	0.5	0.07	1	0.035	678.seasonal.insitu.sample.491
108	all	minimal	Desulfocapsa_sulfexigens_DSM_10523_	Psychromonas_arctica_DSM_14288_	M_glyc3p_e	0.5	0.18	1	0.09	678.seasonal.insitu.sample.491
109	all	minimal	Desulfocapsa_sulfexigens_DSM_10523_	Psychromonas_arctica_DSM_14288_	M_h2o_e	0.5	0.01	1	0.005	678.seasonal.insitu.sample.491
110	all	minimal	Desulfocapsa_sulfexigens_DSM_10523_	Psychromonas_arctica_DSM_14288_	M_hom__L_e	0.5	0.09	1	0.045	678.seasonal.insitu.sample.491
111	all	minimal	Desulfocapsa_sulfexigens_DSM_10523_	Psychromonas_arctica_DSM_14288_	M_mal__L_e	0.5	0.14	1	0.07	678.seasonal.insitu.sample.491
112	all	minimal	Desulfocapsa_sulfexigens_DSM_10523_	Psychromonas_arctica_DSM_14288_	M_pi_e	0.5	0.27	1	0.135	678.seasonal.insitu.sample.491
113	all	minimal	Desulfocapsa_sulfexigens_DSM_10523_	Psychromonas_arctica_DSM_14288_	M_tyr__L_e	0.5	1.0	1	0.5	678.seasonal.insitu.sample.491
114	all	minimal	Desulfocapsa_sulfexigens_DSM_10523_	Psychromonas_ingrahamii_37_	M_acald_e	0.5	0.04	1	0.02	678.seasonal.insitu.sample.491
115	all	minimal	Desulfocapsa_sulfexigens_DSM_10523_	Psychromonas_ingrahamii_37_	M_cellb_e	0.5	0.59	1	0.295	678.seasonal.insitu.sample.491
116	all	minimal	Desulfocapsa_sulfexigens_DSM_10523_	Psychromonas_ingrahamii_37_	M_etoh_e	0.5	0.01	1	0.005	678.seasonal.insitu.sample.491
117	all	minimal	Desulfocapsa_sulfexigens_DSM_10523_	Psychromonas_ingrahamii_37_	M_fe2_e	0.5	0.66	1	0.33	678.seasonal.insitu.sample.491
118	all	minimal	Desulfocapsa_sulfexigens_DSM_10523_	Psychromonas_ingrahamii_37_	M_fe3_e	0.5	0.64	1	0.32	678.seasonal.insitu.sample.491
119	all	minimal	Desulfocapsa_sulfexigens_DSM_10523_	Psychromonas_ingrahamii_37_	M_fe3pyovd_kt_e	0.5	0.01	1	0.005	678.seasonal.insitu.sample.491
120	all	minimal	Desulfocapsa_sulfexigens_DSM_10523_	Psychromonas_ingrahamii_37_	M_g3pe_e	0.5	0.49	1	0.245	678.seasonal.insitu.sample.491
121	all	minimal	Desulfocapsa_sulfexigens_DSM_10523_	Psychromonas_ingrahamii_37_	M_g3pg_e	0.5	0.07	1	0.035	678.seasonal.insitu.sample.491
122	all	minimal	Desulfocapsa_sulfexigens_DSM_10523_	Psychromonas_ingrahamii_37_	M_glyc3p_e	0.5	0.18	1	0.09	678.seasonal.insitu.sample.491
123	all	minimal	Desulfocapsa_sulfexigens_DSM_10523_	Psychromonas_ingrahamii_37_	M_h2o_e	0.5	0.01	1	0.005	678.seasonal.insitu.sample.491
124	all	minimal	Desulfocapsa_sulfexigens_DSM_10523_	Psychromonas_ingrahamii_37_	M_hom__L_e	0.5	0.09	1	0.045	678.seasonal.insitu.sample.491
125	all	minimal	Desulfocapsa_sulfexigens_DSM_10523_	Psychromonas_ingrahamii_37_	M_pi_e	0.5	0.27	1	0.135	678.seasonal.insitu.sample.491
126	all	minimal	Desulfocapsa_sulfexigens_DSM_10523_	Psychromonas_ingrahamii_37_	M_tyr__L_e	0.5	1.0	1	0.5	678.seasonal.insitu.sample.491
127	all	minimal	Desulfopila_aestuarii_DSM_18488_	Psychromonas_ingrahamii_37_	M_acald_e	1.0	0.02	1	0.02	678.seasonal.insitu.sample.491
128	all	minimal	Desulfopila_aestuarii_DSM_18488_	Psychromonas_ingrahamii_37_	M_ala__D_e	1.0	0.06	1	0.06	678.seasonal.insitu.sample.491
129	all	minimal	Desulfopila_aestuarii_DSM_18488_	Psychromonas_ingrahamii_37_	M_alaala_e	1.0	0.01	1	0.01	678.seasonal.insitu.sample.491
130	all	minimal	Desulfopila_aestuarii_DSM_18488_	Psychromonas_ingrahamii_37_	M_arg__L_e	1.0	0.01	1	0.01	678.seasonal.insitu.sample.491
131	all	minimal	Desulfopila_aestuarii_DSM_18488_	Psychromonas_ingrahamii_37_	M_cys__L_e	1.0	0.46	1	0.46	678.seasonal.insitu.sample.491
132	all	minimal	Desulfopila_aestuarii_DSM_18488_	Psychromonas_ingrahamii_37_	M_fe2_e	1.0	1.0	1	1.0	678.seasonal.insitu.sample.491
133	all	minimal	Desulfopila_aestuarii_DSM_18488_	Psychromonas_ingrahamii_37_	M_fe3_e	1.0	0.03	1	0.03	678.seasonal.insitu.sample.491
134	all	minimal	Desulfopila_aestuarii_DSM_18488_	Psychromonas_ingrahamii_37_	M_glyc3p_e	1.0	0.97	1	0.97	678.seasonal.insitu.sample.491
135	all	minimal	Desulfopila_aestuarii_DSM_18488_	Psychromonas_ingrahamii_37_	M_gthrd_e	1.0	0.52	1	0.52	678.seasonal.insitu.sample.491
136	all	minimal	Desulfopila_aestuarii_DSM_18488_	Psychromonas_ingrahamii_37_	M_pi_e	1.0	0.03	1	0.03	678.seasonal.insitu.sample.491
137	all	minimal	Desulfopila_aestuarii_DSM_18488_	Psychromonas_ingrahamii_37_	M_tyr__L_e	1.0	1.0	1	1.0	678.seasonal.insitu.sample.491
138	all	minimal	Desulfopila_aestuarii_DSM_18488_	Romboutsia_timonensis_Marseille_P326_	M_4abut_e	1.0	0.02	1	0.02	678.seasonal.insitu.sample.491
139	all	minimal	Desulfopila_aestuarii_DSM_18488_	Romboutsia_timonensis_Marseille_P326_	M_acald_e	1.0	0.02	1	0.02	678.seasonal.insitu.sample.491
140	all	minimal	Desulfopila_aestuarii_DSM_18488_	Romboutsia_timonensis_Marseille_P326_	M_ala__D_e	1.0	0.06	1	0.06	678.seasonal.insitu.sample.491
141	all	minimal	Desulfopila_aestuarii_DSM_18488_	Romboutsia_timonensis_Marseille_P326_	M_cys__L_e	1.0	0.46	1	0.46	678.seasonal.insitu.sample.491
142	all	minimal	Desulfopila_aestuarii_DSM_18488_	Romboutsia_timonensis_Marseille_P326_	M_fe2_e	1.0	1.0	1	1.0	678.seasonal.insitu.sample.491
143	all	minimal	Desulfopila_aestuarii_DSM_18488_	Romboutsia_timonensis_Marseille_P326_	M_fe3_e	1.0	0.03	1	0.03	678.seasonal.insitu.sample.491
144	all	minimal	Desulfopila_aestuarii_DSM_18488_	Romboutsia_timonensis_Marseille_P326_	M_glyc3p_e	1.0	0.97	1	0.97	678.seasonal.insitu.sample.491
145	all	minimal	Desulfopila_aestuarii_DSM_18488_	Romboutsia_timonensis_Marseille_P326_	M_o2_e	1.0	1.0	1	1.0	678.seasonal.insitu.sample.491
146	all	minimal	Desulfopila_aestuarii_DSM_18488_	Romboutsia_timonensis_Marseille_P326_	M_pi_e	1.0	0.03	1	0.03	678.seasonal.insitu.sample.491
147	all	minimal	Desulfopila_aestuarii_DSM_18488_	Romboutsia_timonensis_Marseille_P326_	M_thm_e	1.0	1.0	1	1.0	678.seasonal.insitu.sample.491
148	all	minimal	Desulfosarcina_cetonica_JCM_12296_	Bacillus_circulans_NBRC_13626_	M_arg__L_e	0.2941176470588235	0.02	1	0.0058823529411764	678.seasonal.insitu.sample.491
149	all	minimal	Desulfosarcina_cetonica_JCM_12296_	Bacillus_circulans_NBRC_13626_	M_etoh_e	0.2941176470588235	0.02	1	0.0058823529411764	678.seasonal.insitu.sample.491
150	all	minimal	Desulfosarcina_cetonica_JCM_12296_	Bacillus_circulans_NBRC_13626_	M_fe2_e	0.2941176470588235	0.62	1	0.1823529411764706	678.seasonal.insitu.sample.491
151	all	minimal	Desulfosarcina_cetonica_JCM_12296_	Bacillus_circulans_NBRC_13626_	M_fe3pyovd_kt_e	0.2941176470588235	0.38	1	0.1117647058823529	678.seasonal.insitu.sample.491
152	all	minimal	Desulfosarcina_cetonica_JCM_12296_	Bacillus_circulans_NBRC_13626_	M_glc__D_e	0.2941176470588235	0.31	1	0.0911764705882353	678.seasonal.insitu.sample.491
153	all	minimal	Desulfosarcina_cetonica_JCM_12296_	Bacillus_circulans_NBRC_13626_	M_glyc_e	0.2941176470588235	0.01	1	0.0029411764705882	678.seasonal.insitu.sample.491
154	all	minimal	Desulfosarcina_cetonica_JCM_12296_	Bacillus_circulans_NBRC_13626_	M_h_e	0.2941176470588235	0.01	1	0.0029411764705882	678.seasonal.insitu.sample.491
155	all	minimal	Desulfosarcina_cetonica_JCM_12296_	Bacillus_circulans_NBRC_13626_	M_mal__L_e	0.2941176470588235	0.01	1	0.0029411764705882	678.seasonal.insitu.sample.491
156	all	minimal	Desulfosarcina_cetonica_JCM_12296_	Bacillus_circulans_NBRC_13626_	M_meoh_e	0.2941176470588235	0.01	1	0.0029411764705882	678.seasonal.insitu.sample.491
157	all	minimal	Desulfosarcina_cetonica_JCM_12296_	Desulfocapsa_sulfexigens_DSM_10523_	M_bz_e	0.2941176470588235	1.0	1	0.2941176470588235	678.seasonal.insitu.sample.491
158	all	minimal	Desulfosarcina_cetonica_JCM_12296_	Desulfocapsa_sulfexigens_DSM_10523_	M_cellb_e	0.2941176470588235	0.42	1	0.1235294117647058	678.seasonal.insitu.sample.491
159	all	minimal	Desulfosarcina_cetonica_JCM_12296_	Desulfocapsa_sulfexigens_DSM_10523_	M_etoh_e	0.2941176470588235	0.02	1	0.0058823529411764	678.seasonal.insitu.sample.491
160	all	minimal	Desulfosarcina_cetonica_JCM_12296_	Desulfocapsa_sulfexigens_DSM_10523_	M_fe2_e	0.2941176470588235	0.62	1	0.1823529411764706	678.seasonal.insitu.sample.491
161	all	minimal	Desulfosarcina_cetonica_JCM_12296_	Desulfocapsa_sulfexigens_DSM_10523_	M_fe3pyovd_kt_e	0.2941176470588235	0.38	1	0.1117647058823529	678.seasonal.insitu.sample.491
162	all	minimal	Desulfosarcina_cetonica_JCM_12296_	Desulfocapsa_sulfexigens_DSM_10523_	M_glyc_e	0.2941176470588235	0.01	1	0.0029411764705882	678.seasonal.insitu.sample.491
163	all	minimal	Desulfosarcina_cetonica_JCM_12296_	Desulfocapsa_sulfexigens_DSM_10523_	M_h_e	0.2941176470588235	0.01	1	0.0029411764705882	678.seasonal.insitu.sample.491
164	all	minimal	Desulfosarcina_cetonica_JCM_12296_	Desulfocapsa_sulfexigens_DSM_10523_	M_mal__L_e	0.2941176470588235	0.01	1	0.0029411764705882	678.seasonal.insitu.sample.491
165	all	minimal	Desulfosarcina_cetonica_JCM_12296_	Mycobacterium_diernhoferi_Bard_	M_arg__L_e	0.2352941176470588	0.02	1	0.0047058823529411	678.seasonal.insitu.sample.491
166	all	minimal	Desulfosarcina_cetonica_JCM_12296_	Mycobacterium_diernhoferi_Bard_	M_bz_e	0.2352941176470588	1.0	1	0.2352941176470588	678.seasonal.insitu.sample.491
167	all	minimal	Desulfosarcina_cetonica_JCM_12296_	Mycobacterium_diernhoferi_Bard_	M_etoh_e	0.2352941176470588	0.02	1	0.0047058823529411	678.seasonal.insitu.sample.491
168	all	minimal	Desulfosarcina_cetonica_JCM_12296_	Mycobacterium_diernhoferi_Bard_	M_fe2_e	0.2352941176470588	0.62	1	0.1458823529411764	678.seasonal.insitu.sample.491
169	all	minimal	Desulfosarcina_cetonica_JCM_12296_	Mycobacterium_diernhoferi_Bard_	M_fe3pyovd_kt_e	0.2352941176470588	0.38	1	0.0894117647058823	678.seasonal.insitu.sample.491
170	all	minimal	Desulfosarcina_cetonica_JCM_12296_	Mycobacterium_diernhoferi_Bard_	M_glc__D_e	0.2352941176470588	0.31	1	0.0729411764705882	678.seasonal.insitu.sample.491
171	all	minimal	Desulfosarcina_cetonica_JCM_12296_	Mycobacterium_diernhoferi_Bard_	M_glyc_e	0.2352941176470588	0.01	1	0.0023529411764705	678.seasonal.insitu.sample.491
172	all	minimal	Desulfosarcina_cetonica_JCM_12296_	Mycobacterium_diernhoferi_Bard_	M_h2_e	0.2352941176470588	0.01	1	0.0023529411764705	678.seasonal.insitu.sample.491
173	all	minimal	Desulfosarcina_cetonica_JCM_12296_	Mycobacterium_diernhoferi_Bard_	M_h_e	0.2352941176470588	0.01	1	0.0023529411764705	678.seasonal.insitu.sample.491
174	all	minimal	Desulfosarcina_cetonica_JCM_12296_	Psychromonas_arctica_DSM_14288_	M_arg__L_e	0.4705882352941176	0.02	1	0.0094117647058823	678.seasonal.insitu.sample.491
175	all	minimal	Desulfosarcina_cetonica_JCM_12296_	Psychromonas_arctica_DSM_14288_	M_cellb_e	0.4705882352941176	0.42	1	0.1976470588235294	678.seasonal.insitu.sample.491
176	all	minimal	Desulfosarcina_cetonica_JCM_12296_	Psychromonas_arctica_DSM_14288_	M_etoh_e	0.4705882352941176	0.02	1	0.0094117647058823	678.seasonal.insitu.sample.491
177	all	minimal	Desulfosarcina_cetonica_JCM_12296_	Psychromonas_arctica_DSM_14288_	M_fe2_e	0.4705882352941176	0.62	1	0.2917647058823529	678.seasonal.insitu.sample.491
178	all	minimal	Desulfosarcina_cetonica_JCM_12296_	Psychromonas_arctica_DSM_14288_	M_fe3pyovd_kt_e	0.4705882352941176	0.38	1	0.1788235294117647	678.seasonal.insitu.sample.491
179	all	minimal	Desulfosarcina_cetonica_JCM_12296_	Psychromonas_arctica_DSM_14288_	M_fum_e	0.4705882352941176	0.01	1	0.0047058823529411	678.seasonal.insitu.sample.491
180	all	minimal	Desulfosarcina_cetonica_JCM_12296_	Psychromonas_arctica_DSM_14288_	M_glc__D_e	0.4705882352941176	0.31	1	0.1458823529411764	678.seasonal.insitu.sample.491
181	all	minimal	Desulfosarcina_cetonica_JCM_12296_	Psychromonas_arctica_DSM_14288_	M_glyc_e	0.4705882352941176	0.01	1	0.0047058823529411	678.seasonal.insitu.sample.491
182	all	minimal	Desulfosarcina_cetonica_JCM_12296_	Psychromonas_arctica_DSM_14288_	M_h_e	0.4705882352941176	0.01	1	0.0047058823529411	678.seasonal.insitu.sample.491
183	all	minimal	Desulfosarcina_cetonica_JCM_12296_	Psychromonas_arctica_DSM_14288_	M_mal__L_e	0.4705882352941176	0.01	1	0.0047058823529411	678.seasonal.insitu.sample.491
184	all	minimal	Desulfosarcina_cetonica_JCM_12296_	Psychromonas_ingrahamii_37_	M_arg__L_e	0.4705882352941176	0.02	1	0.0094117647058823	678.seasonal.insitu.sample.491
185	all	minimal	Desulfosarcina_cetonica_JCM_12296_	Psychromonas_ingrahamii_37_	M_asp__D_e	0.4705882352941176	0.02	1	0.0094117647058823	678.seasonal.insitu.sample.491
186	all	minimal	Desulfosarcina_cetonica_JCM_12296_	Psychromonas_ingrahamii_37_	M_cellb_e	0.4705882352941176	0.42	1	0.1976470588235294	678.seasonal.insitu.sample.491
187	all	minimal	Desulfosarcina_cetonica_JCM_12296_	Psychromonas_ingrahamii_37_	M_etoh_e	0.4705882352941176	0.02	1	0.0094117647058823	678.seasonal.insitu.sample.491
188	all	minimal	Desulfosarcina_cetonica_JCM_12296_	Psychromonas_ingrahamii_37_	M_fe2_e	0.4705882352941176	0.62	1	0.2917647058823529	678.seasonal.insitu.sample.491
189	all	minimal	Desulfosarcina_cetonica_JCM_12296_	Psychromonas_ingrahamii_37_	M_fe3pyovd_kt_e	0.4705882352941176	0.38	1	0.1788235294117647	678.seasonal.insitu.sample.491
190	all	minimal	Desulfosarcina_cetonica_JCM_12296_	Psychromonas_ingrahamii_37_	M_fum_e	0.4705882352941176	0.01	1	0.0047058823529411	678.seasonal.insitu.sample.491
191	all	minimal	Desulfosarcina_cetonica_JCM_12296_	Psychromonas_ingrahamii_37_	M_glyc_e	0.4705882352941176	0.01	1	0.0047058823529411	678.seasonal.insitu.sample.491
192	all	minimal	Desulfosarcina_cetonica_JCM_12296_	Psychromonas_ingrahamii_37_	M_h2_e	0.4705882352941176	0.01	1	0.0047058823529411	678.seasonal.insitu.sample.491
193	all	minimal	Desulfosarcina_cetonica_JCM_12296_	Psychromonas_ingrahamii_37_	M_h_e	0.4705882352941176	0.01	1	0.0047058823529411	678.seasonal.insitu.sample.491
194	all	minimal	Desulfosarcina_cetonica_JCM_12296_	Romboutsia_timonensis_Marseille_P326_	M_6pgc_e	0.4705882352941176	0.02	1	0.0094117647058823	678.seasonal.insitu.sample.491
195	all	minimal	Desulfosarcina_cetonica_JCM_12296_	Romboutsia_timonensis_Marseille_P326_	M_etoh_e	0.4705882352941176	0.02	1	0.0094117647058823	678.seasonal.insitu.sample.491
196	all	minimal	Desulfosarcina_cetonica_JCM_12296_	Romboutsia_timonensis_Marseille_P326_	M_fe2_e	0.4705882352941176	0.62	1	0.2917647058823529	678.seasonal.insitu.sample.491
197	all	minimal	Desulfosarcina_cetonica_JCM_12296_	Romboutsia_timonensis_Marseille_P326_	M_fe3pyovd_kt_e	0.4705882352941176	0.38	1	0.1788235294117647	678.seasonal.insitu.sample.491
198	all	minimal	Desulfosarcina_cetonica_JCM_12296_	Romboutsia_timonensis_Marseille_P326_	M_glc__D_e	0.4705882352941176	0.31	1	0.1458823529411764	678.seasonal.insitu.sample.491
199	all	minimal	Desulfosarcina_cetonica_JCM_12296_	Romboutsia_timonensis_Marseille_P326_	M_glyc_e	0.4705882352941176	0.01	1	0.0047058823529411	678.seasonal.insitu.sample.491
200	all	minimal	Desulfosarcina_cetonica_JCM_12296_	Romboutsia_timonensis_Marseille_P326_	M_h_e	0.4705882352941176	0.01	1	0.0047058823529411	678.seasonal.insitu.sample.491
201	all	minimal	Desulfosarcina_cetonica_JCM_12296_	Romboutsia_timonensis_Marseille_P326_	M_mal__L_e	0.4705882352941176	0.01	1	0.0047058823529411	678.seasonal.insitu.sample.491
202	all	minimal	Desulfosarcina_cetonica_JCM_12296_	Romboutsia_timonensis_Marseille_P326_	M_o2_e	0.4705882352941176	1.0	1	0.4705882352941176	678.seasonal.insitu.sample.491
203	all	minimal	Desulfosarcina_cetonica_JCM_12296_	Sulfurovum_lithotrophicum_ATCC_BAA_797_	M_fe2_e	0.5294117647058824	0.62	1	0.328235294117647	678.seasonal.insitu.sample.491
204	all	minimal	Desulfosarcina_cetonica_JCM_12296_	Sulfurovum_lithotrophicum_ATCC_BAA_797_	M_fe3pyovd_kt_e	0.5294117647058824	0.38	1	0.2011764705882353	678.seasonal.insitu.sample.491
205	all	minimal	Desulfosarcina_cetonica_JCM_12296_	Sulfurovum_lithotrophicum_ATCC_BAA_797_	M_h_e	0.5294117647058824	0.01	1	0.0052941176470588	678.seasonal.insitu.sample.491
206	all	minimal	Desulfuromonas_acetexigens_	Psychromonas_arctica_DSM_14288_	M_arg__L_e	0.5	0.28	1	0.14	678.seasonal.insitu.sample.491
207	all	minimal	Desulfuromonas_acetexigens_	Psychromonas_arctica_DSM_14288_	M_asp__L_e	0.5	0.31	1	0.155	678.seasonal.insitu.sample.491
208	all	minimal	Desulfuromonas_acetexigens_	Psychromonas_arctica_DSM_14288_	M_cellb_e	0.5	0.61	1	0.305	678.seasonal.insitu.sample.491
209	all	minimal	Desulfuromonas_acetexigens_	Psychromonas_arctica_DSM_14288_	M_cgly_e	0.5	0.02	1	0.01	678.seasonal.insitu.sample.491
210	all	minimal	Desulfuromonas_acetexigens_	Psychromonas_arctica_DSM_14288_	M_etoh_e	0.5	0.02	1	0.01	678.seasonal.insitu.sample.491
211	all	minimal	Desulfuromonas_acetexigens_	Psychromonas_arctica_DSM_14288_	M_fe2_e	0.5	0.61	1	0.305	678.seasonal.insitu.sample.491
212	all	minimal	Desulfuromonas_acetexigens_	Psychromonas_arctica_DSM_14288_	M_fe3_e	0.5	0.4	1	0.2	678.seasonal.insitu.sample.491
213	all	minimal	Desulfuromonas_acetexigens_	Psychromonas_arctica_DSM_14288_	M_fe3pyovd_kt_e	0.5	0.01	1	0.005	678.seasonal.insitu.sample.491
214	all	minimal	Desulfuromonas_acetexigens_	Psychromonas_arctica_DSM_14288_	M_g3pe_e	0.5	0.26	1	0.13	678.seasonal.insitu.sample.491
215	all	minimal	Desulfuromonas_acetexigens_	Psychromonas_arctica_DSM_14288_	M_g3pg_e	0.5	0.02	1	0.01	678.seasonal.insitu.sample.491
216	all	minimal	Desulfuromonas_acetexigens_	Psychromonas_arctica_DSM_14288_	M_glc__D_e	0.5	0.3	1	0.15	678.seasonal.insitu.sample.491
217	all	minimal	Desulfuromonas_acetexigens_	Psychromonas_arctica_DSM_14288_	M_glu__L_e	0.5	0.02	1	0.01	678.seasonal.insitu.sample.491
218	all	minimal	Desulfuromonas_acetexigens_	Psychromonas_arctica_DSM_14288_	M_gly_e	0.5	0.04	1	0.02	678.seasonal.insitu.sample.491
219	all	minimal	Desulfuromonas_acetexigens_	Psychromonas_arctica_DSM_14288_	M_gthrd_e	0.5	0.05	1	0.025	678.seasonal.insitu.sample.491
220	all	minimal	Desulfuromonas_acetexigens_	Psychromonas_arctica_DSM_14288_	M_gua_e	0.5	0.01	1	0.005	678.seasonal.insitu.sample.491
221	all	minimal	Desulfuromonas_acetexigens_	Psychromonas_arctica_DSM_14288_	M_h2s_e	0.5	0.02	1	0.01	678.seasonal.insitu.sample.491
222	all	minimal	Desulfuromonas_acetexigens_	Psychromonas_arctica_DSM_14288_	M_h_e	0.5	0.02	1	0.01	678.seasonal.insitu.sample.491
223	all	minimal	Desulfuromonas_acetexigens_	Psychromonas_arctica_DSM_14288_	M_ile__L_e	0.5	0.03	1	0.015	678.seasonal.insitu.sample.491
224	all	minimal	Desulfuromonas_acetexigens_	Psychromonas_arctica_DSM_14288_	M_met__L_e	0.5	0.01	1	0.005	678.seasonal.insitu.sample.491
225	all	minimal	Desulfuromonas_acetexigens_	Psychromonas_arctica_DSM_14288_	M_nh4_e	0.5	0.04	1	0.02	678.seasonal.insitu.sample.491
226	all	minimal	Desulfuromonas_acetexigens_	Psychromonas_arctica_DSM_14288_	M_pi_e	0.5	0.72	1	0.36	678.seasonal.insitu.sample.491
227	all	minimal	Desulfuromonas_acetexigens_	Psychromonas_arctica_DSM_14288_	M_ser__L_e	0.5	0.13	1	0.065	678.seasonal.insitu.sample.491
228	all	minimal	Desulfuromonas_acetexigens_	Psychromonas_arctica_DSM_14288_	M_succ_e	0.5	0.01	1	0.005	678.seasonal.insitu.sample.491
229	all	minimal	Desulfuromonas_acetexigens_	Psychromonas_arctica_DSM_14288_	M_thr__L_e	0.5	0.02	1	0.01	678.seasonal.insitu.sample.491
230	all	minimal	Desulfuromonas_acetexigens_	Psychromonas_arctica_DSM_14288_	M_ura_e	0.5	0.02	1	0.01	678.seasonal.insitu.sample.491
231	all	minimal	Desulfuromonas_acetexigens_	Psychromonas_ingrahamii_37_	M_arg__L_e	0.5	0.28	1	0.14	678.seasonal.insitu.sample.491
232	all	minimal	Desulfuromonas_acetexigens_	Psychromonas_ingrahamii_37_	M_asp__L_e	0.5	0.31	1	0.155	678.seasonal.insitu.sample.491
233	all	minimal	Desulfuromonas_acetexigens_	Psychromonas_ingrahamii_37_	M_cellb_e	0.5	0.61	1	0.305	678.seasonal.insitu.sample.491
234	all	minimal	Desulfuromonas_acetexigens_	Psychromonas_ingrahamii_37_	M_cgly_e	0.5	0.02	1	0.01	678.seasonal.insitu.sample.491
235	all	minimal	Desulfuromonas_acetexigens_	Psychromonas_ingrahamii_37_	M_etoh_e	0.5	0.02	1	0.01	678.seasonal.insitu.sample.491
236	all	minimal	Desulfuromonas_acetexigens_	Psychromonas_ingrahamii_37_	M_fe2_e	0.5	0.61	1	0.305	678.seasonal.insitu.sample.491
237	all	minimal	Desulfuromonas_acetexigens_	Psychromonas_ingrahamii_37_	M_fe3_e	0.5	0.4	1	0.2	678.seasonal.insitu.sample.491
238	all	minimal	Desulfuromonas_acetexigens_	Psychromonas_ingrahamii_37_	M_fe3pyovd_kt_e	0.5	0.01	1	0.005	678.seasonal.insitu.sample.491
239	all	minimal	Desulfuromonas_acetexigens_	Psychromonas_ingrahamii_37_	M_g3pe_e	0.5	0.26	1	0.13	678.seasonal.insitu.sample.491
240	all	minimal	Desulfuromonas_acetexigens_	Psychromonas_ingrahamii_37_	M_g3pg_e	0.5	0.02	1	0.01	678.seasonal.insitu.sample.491
241	all	minimal	Desulfuromonas_acetexigens_	Psychromonas_ingrahamii_37_	M_glu__L_e	0.5	0.02	1	0.01	678.seasonal.insitu.sample.491
242	all	minimal	Desulfuromonas_acetexigens_	Psychromonas_ingrahamii_37_	M_gly_e	0.5	0.04	1	0.02	678.seasonal.insitu.sample.491
243	all	minimal	Desulfuromonas_acetexigens_	Psychromonas_ingrahamii_37_	M_gthrd_e	0.5	0.05	1	0.025	678.seasonal.insitu.sample.491
244	all	minimal	Desulfuromonas_acetexigens_	Psychromonas_ingrahamii_37_	M_gua_e	0.5	0.01	1	0.005	678.seasonal.insitu.sample.491
245	all	minimal	Desulfuromonas_acetexigens_	Psychromonas_ingrahamii_37_	M_h2_e	0.5	0.01	1	0.005	678.seasonal.insitu.sample.491
246	all	minimal	Desulfuromonas_acetexigens_	Psychromonas_ingrahamii_37_	M_h2s_e	0.5	0.02	1	0.01	678.seasonal.insitu.sample.491
247	all	minimal	Desulfuromonas_acetexigens_	Psychromonas_ingrahamii_37_	M_h_e	0.5	0.02	1	0.01	678.seasonal.insitu.sample.491
248	all	minimal	Desulfuromonas_acetexigens_	Psychromonas_ingrahamii_37_	M_met__L_e	0.5	0.01	1	0.005	678.seasonal.insitu.sample.491
249	all	minimal	Desulfuromonas_acetexigens_	Psychromonas_ingrahamii_37_	M_nh4_e	0.5	0.04	1	0.02	678.seasonal.insitu.sample.491
250	all	minimal	Desulfuromonas_acetexigens_	Psychromonas_ingrahamii_37_	M_pi_e	0.5	0.72	1	0.36	678.seasonal.insitu.sample.491
251	all	minimal	Desulfuromonas_acetexigens_	Psychromonas_ingrahamii_37_	M_ser__L_e	0.5	0.13	1	0.065	678.seasonal.insitu.sample.491
252	all	minimal	Desulfuromonas_acetexigens_	Psychromonas_ingrahamii_37_	M_succ_e	0.5	0.01	1	0.005	678.seasonal.insitu.sample.491
253	all	minimal	Desulfuromonas_acetexigens_	Psychromonas_ingrahamii_37_	M_thr__L_e	0.5	0.02	1	0.01	678.seasonal.insitu.sample.491
254	all	minimal	Desulfuromonas_acetexigens_	Psychromonas_ingrahamii_37_	M_ura_e	0.5	0.02	1	0.01	678.seasonal.insitu.sample.491
255	all	minimal	Desulfuromonas_acetexigens_	Romboutsia_timonensis_Marseille_P326_	M_etoh_e	1.0	0.02	1	0.02	678.seasonal.insitu.sample.491
256	all	minimal	Desulfuromonas_acetexigens_	Romboutsia_timonensis_Marseille_P326_	M_fe2_e	1.0	0.61	1	0.61	678.seasonal.insitu.sample.491
257	all	minimal	Desulfuromonas_acetexigens_	Romboutsia_timonensis_Marseille_P326_	M_fe3_e	1.0	0.4	1	0.4	678.seasonal.insitu.sample.491
258	all	minimal	Desulfuromonas_acetexigens_	Romboutsia_timonensis_Marseille_P326_	M_fe3pyovd_kt_e	1.0	0.01	1	0.01	678.seasonal.insitu.sample.491
259	all	minimal	Desulfuromonas_acetexigens_	Romboutsia_timonensis_Marseille_P326_	M_glc__D_e	1.0	0.3	1	0.3	678.seasonal.insitu.sample.491
260	all	minimal	Desulfuromonas_acetexigens_	Romboutsia_timonensis_Marseille_P326_	M_glu__L_e	1.0	0.02	1	0.02	678.seasonal.insitu.sample.491
261	all	minimal	Desulfuromonas_acetexigens_	Romboutsia_timonensis_Marseille_P326_	M_gua_e	1.0	0.01	1	0.01	678.seasonal.insitu.sample.491
262	all	minimal	Desulfuromonas_acetexigens_	Romboutsia_timonensis_Marseille_P326_	M_h2s_e	1.0	0.02	1	0.02	678.seasonal.insitu.sample.491
263	all	minimal	Desulfuromonas_acetexigens_	Romboutsia_timonensis_Marseille_P326_	M_h_e	1.0	0.02	1	0.02	678.seasonal.insitu.sample.491
264	all	minimal	Desulfuromonas_acetexigens_	Romboutsia_timonensis_Marseille_P326_	M_nh4_e	1.0	0.04	1	0.04	678.seasonal.insitu.sample.491
265	all	minimal	Desulfuromonas_acetexigens_	Romboutsia_timonensis_Marseille_P326_	M_o2_e	1.0	0.98	1	0.98	678.seasonal.insitu.sample.491
266	all	minimal	Desulfuromonas_acetexigens_	Romboutsia_timonensis_Marseille_P326_	M_pi_e	1.0	0.72	1	0.72	678.seasonal.insitu.sample.491
267	all	minimal	Desulfuromonas_acetexigens_	Romboutsia_timonensis_Marseille_P326_	M_succ_e	1.0	0.01	1	0.01	678.seasonal.insitu.sample.491
268	all	minimal	Desulfuromonas_acetexigens_	Romboutsia_timonensis_Marseille_P326_	M_ura_e	1.0	0.02	1	0.02	678.seasonal.insitu.sample.491
269	all	minimal	Ilyobacter_polytropus_DSM_2926_	Psychromonas_arctica_DSM_14288_	M_acald_e	0.5	0.02	1	0.01	678.seasonal.insitu.sample.491
270	all	minimal	Ilyobacter_polytropus_DSM_2926_	Psychromonas_arctica_DSM_14288_	M_alaala_e	0.5	0.02	1	0.01	678.seasonal.insitu.sample.491
271	all	minimal	Ilyobacter_polytropus_DSM_2926_	Psychromonas_arctica_DSM_14288_	M_arg__L_e	0.5	0.48	1	0.24	678.seasonal.insitu.sample.491
272	all	minimal	Ilyobacter_polytropus_DSM_2926_	Psychromonas_arctica_DSM_14288_	M_asp__L_e	0.5	0.06	1	0.03	678.seasonal.insitu.sample.491
273	all	minimal	Ilyobacter_polytropus_DSM_2926_	Psychromonas_arctica_DSM_14288_	M_cys__L_e	0.5	0.38	1	0.19	678.seasonal.insitu.sample.491
274	all	minimal	Ilyobacter_polytropus_DSM_2926_	Psychromonas_arctica_DSM_14288_	M_etoh_e	0.5	0.03	1	0.015	678.seasonal.insitu.sample.491
275	all	minimal	Ilyobacter_polytropus_DSM_2926_	Psychromonas_arctica_DSM_14288_	M_fe2_e	0.5	0.49	1	0.245	678.seasonal.insitu.sample.491
276	all	minimal	Ilyobacter_polytropus_DSM_2926_	Psychromonas_arctica_DSM_14288_	M_fe3pyovd_kt_e	0.5	0.54	1	0.27	678.seasonal.insitu.sample.491
277	all	minimal	Ilyobacter_polytropus_DSM_2926_	Psychromonas_arctica_DSM_14288_	M_for_e	0.5	0.01	1	0.005	678.seasonal.insitu.sample.491
278	all	minimal	Ilyobacter_polytropus_DSM_2926_	Psychromonas_arctica_DSM_14288_	M_g3pg_e	0.5	0.5	1	0.25	678.seasonal.insitu.sample.491
279	all	minimal	Ilyobacter_polytropus_DSM_2926_	Psychromonas_arctica_DSM_14288_	M_glc__D_e	0.5	0.04	1	0.02	678.seasonal.insitu.sample.491
280	all	minimal	Ilyobacter_polytropus_DSM_2926_	Psychromonas_arctica_DSM_14288_	M_glu__L_e	0.5	0.01	1	0.005	678.seasonal.insitu.sample.491
281	all	minimal	Ilyobacter_polytropus_DSM_2926_	Psychromonas_arctica_DSM_14288_	M_gly_e	0.5	0.02	1	0.01	678.seasonal.insitu.sample.491
282	all	minimal	Ilyobacter_polytropus_DSM_2926_	Psychromonas_arctica_DSM_14288_	M_glyald_e	0.5	0.03	1	0.015	678.seasonal.insitu.sample.491
283	all	minimal	Ilyobacter_polytropus_DSM_2926_	Psychromonas_arctica_DSM_14288_	M_glyc_e	0.5	0.03	1	0.015	678.seasonal.insitu.sample.491
284	all	minimal	Ilyobacter_polytropus_DSM_2926_	Psychromonas_arctica_DSM_14288_	M_gua_e	0.5	0.02	1	0.01	678.seasonal.insitu.sample.491
285	all	minimal	Ilyobacter_polytropus_DSM_2926_	Psychromonas_arctica_DSM_14288_	M_h2o_e	0.5	0.01	1	0.005	678.seasonal.insitu.sample.491
286	all	minimal	Ilyobacter_polytropus_DSM_2926_	Psychromonas_arctica_DSM_14288_	M_h2s_e	0.5	0.01	1	0.005	678.seasonal.insitu.sample.491
287	all	minimal	Ilyobacter_polytropus_DSM_2926_	Psychromonas_arctica_DSM_14288_	M_h_e	0.5	0.01	1	0.005	678.seasonal.insitu.sample.491
288	all	minimal	Ilyobacter_polytropus_DSM_2926_	Psychromonas_arctica_DSM_14288_	M_ile__L_e	0.5	0.01	1	0.005	678.seasonal.insitu.sample.491
289	all	minimal	Ilyobacter_polytropus_DSM_2926_	Psychromonas_arctica_DSM_14288_	M_nh4_e	0.5	0.01	1	0.005	678.seasonal.insitu.sample.491
290	all	minimal	Ilyobacter_polytropus_DSM_2926_	Psychromonas_arctica_DSM_14288_	M_orn_e	0.5	0.04	1	0.02	678.seasonal.insitu.sample.491
291	all	minimal	Ilyobacter_polytropus_DSM_2926_	Psychromonas_arctica_DSM_14288_	M_phe__L_e	0.5	0.01	1	0.005	678.seasonal.insitu.sample.491
292	all	minimal	Ilyobacter_polytropus_DSM_2926_	Psychromonas_arctica_DSM_14288_	M_pi_e	0.5	0.5	1	0.25	678.seasonal.insitu.sample.491
293	all	minimal	Ilyobacter_polytropus_DSM_2926_	Psychromonas_arctica_DSM_14288_	M_thym_e	0.5	1.0	1	0.5	678.seasonal.insitu.sample.491
294	all	minimal	Ilyobacter_polytropus_DSM_2926_	Psychromonas_ingrahamii_37_	M_LalaDgluMdapDala_e	0.5	0.01	1	0.005	678.seasonal.insitu.sample.491
295	all	minimal	Ilyobacter_polytropus_DSM_2926_	Psychromonas_ingrahamii_37_	M_acald_e	0.5	0.02	1	0.01	678.seasonal.insitu.sample.491
296	all	minimal	Ilyobacter_polytropus_DSM_2926_	Psychromonas_ingrahamii_37_	M_ala__D_e	0.5	0.02	1	0.01	678.seasonal.insitu.sample.491
297	all	minimal	Ilyobacter_polytropus_DSM_2926_	Psychromonas_ingrahamii_37_	M_alaala_e	0.5	0.02	1	0.01	678.seasonal.insitu.sample.491
298	all	minimal	Ilyobacter_polytropus_DSM_2926_	Psychromonas_ingrahamii_37_	M_anhgm_e	0.5	0.02	1	0.01	678.seasonal.insitu.sample.491
299	all	minimal	Ilyobacter_polytropus_DSM_2926_	Psychromonas_ingrahamii_37_	M_arg__L_e	0.5	0.48	1	0.24	678.seasonal.insitu.sample.491
300	all	minimal	Ilyobacter_polytropus_DSM_2926_	Psychromonas_ingrahamii_37_	M_asp__L_e	0.5	0.06	1	0.03	678.seasonal.insitu.sample.491
301	all	minimal	Ilyobacter_polytropus_DSM_2926_	Psychromonas_ingrahamii_37_	M_cys__L_e	0.5	0.38	1	0.19	678.seasonal.insitu.sample.491
302	all	minimal	Ilyobacter_polytropus_DSM_2926_	Psychromonas_ingrahamii_37_	M_etoh_e	0.5	0.03	1	0.015	678.seasonal.insitu.sample.491
303	all	minimal	Ilyobacter_polytropus_DSM_2926_	Psychromonas_ingrahamii_37_	M_fe2_e	0.5	0.49	1	0.245	678.seasonal.insitu.sample.491
304	all	minimal	Ilyobacter_polytropus_DSM_2926_	Psychromonas_ingrahamii_37_	M_fe3pyovd_kt_e	0.5	0.54	1	0.27	678.seasonal.insitu.sample.491
305	all	minimal	Ilyobacter_polytropus_DSM_2926_	Psychromonas_ingrahamii_37_	M_for_e	0.5	0.01	1	0.005	678.seasonal.insitu.sample.491
306	all	minimal	Ilyobacter_polytropus_DSM_2926_	Psychromonas_ingrahamii_37_	M_g3pg_e	0.5	0.5	1	0.25	678.seasonal.insitu.sample.491
307	all	minimal	Ilyobacter_polytropus_DSM_2926_	Psychromonas_ingrahamii_37_	M_glu__L_e	0.5	0.01	1	0.005	678.seasonal.insitu.sample.491
308	all	minimal	Ilyobacter_polytropus_DSM_2926_	Psychromonas_ingrahamii_37_	M_gly_e	0.5	0.02	1	0.01	678.seasonal.insitu.sample.491
309	all	minimal	Ilyobacter_polytropus_DSM_2926_	Psychromonas_ingrahamii_37_	M_glyald_e	0.5	0.03	1	0.015	678.seasonal.insitu.sample.491
310	all	minimal	Ilyobacter_polytropus_DSM_2926_	Psychromonas_ingrahamii_37_	M_glyc_e	0.5	0.03	1	0.015	678.seasonal.insitu.sample.491
311	all	minimal	Ilyobacter_polytropus_DSM_2926_	Psychromonas_ingrahamii_37_	M_gua_e	0.5	0.02	1	0.01	678.seasonal.insitu.sample.491
312	all	minimal	Ilyobacter_polytropus_DSM_2926_	Psychromonas_ingrahamii_37_	M_h2_e	0.5	0.01	1	0.005	678.seasonal.insitu.sample.491
313	all	minimal	Ilyobacter_polytropus_DSM_2926_	Psychromonas_ingrahamii_37_	M_h2o_e	0.5	0.01	1	0.005	678.seasonal.insitu.sample.491
314	all	minimal	Ilyobacter_polytropus_DSM_2926_	Psychromonas_ingrahamii_37_	M_h2s_e	0.5	0.01	1	0.005	678.seasonal.insitu.sample.491
315	all	minimal	Ilyobacter_polytropus_DSM_2926_	Psychromonas_ingrahamii_37_	M_h_e	0.5	0.01	1	0.005	678.seasonal.insitu.sample.491
316	all	minimal	Ilyobacter_polytropus_DSM_2926_	Psychromonas_ingrahamii_37_	M_nh4_e	0.5	0.01	1	0.005	678.seasonal.insitu.sample.491
317	all	minimal	Ilyobacter_polytropus_DSM_2926_	Psychromonas_ingrahamii_37_	M_phe__L_e	0.5	0.01	1	0.005	678.seasonal.insitu.sample.491
318	all	minimal	Ilyobacter_polytropus_DSM_2926_	Psychromonas_ingrahamii_37_	M_pi_e	0.5	0.5	1	0.25	678.seasonal.insitu.sample.491
319	all	minimal	Ilyobacter_polytropus_DSM_2926_	Psychromonas_ingrahamii_37_	M_thym_e	0.5	1.0	1	0.5	678.seasonal.insitu.sample.491
320	all	minimal	Methyloceanibacter_methanicus_R_67174_	Psychromonas_arctica_DSM_14288_	M_acald_e	1.0	0.01	1	0.01	678.seasonal.insitu.sample.491
321	all	minimal	Methyloceanibacter_methanicus_R_67174_	Psychromonas_arctica_DSM_14288_	M_arg__L_e	1.0	0.74	1	0.74	678.seasonal.insitu.sample.491
322	all	minimal	Methyloceanibacter_methanicus_R_67174_	Psychromonas_arctica_DSM_14288_	M_etoh_e	1.0	0.01	1	0.01	678.seasonal.insitu.sample.491
323	all	minimal	Methyloceanibacter_methanicus_R_67174_	Psychromonas_arctica_DSM_14288_	M_fe2_e	1.0	0.59	1	0.59	678.seasonal.insitu.sample.491
324	all	minimal	Methyloceanibacter_methanicus_R_67174_	Psychromonas_arctica_DSM_14288_	M_fe3_e	1.0	0.4	1	0.4	678.seasonal.insitu.sample.491
325	all	minimal	Methyloceanibacter_methanicus_R_67174_	Psychromonas_arctica_DSM_14288_	M_fe3pyovd_kt_e	1.0	0.01	1	0.01	678.seasonal.insitu.sample.491
326	all	minimal	Methyloceanibacter_methanicus_R_67174_	Psychromonas_arctica_DSM_14288_	M_glc__D_e	1.0	0.47	1	0.47	678.seasonal.insitu.sample.491
327	all	minimal	Methyloceanibacter_methanicus_R_67174_	Psychromonas_arctica_DSM_14288_	M_glyald_e	1.0	0.06	1	0.06	678.seasonal.insitu.sample.491
328	all	minimal	Methyloceanibacter_methanicus_R_67174_	Psychromonas_arctica_DSM_14288_	M_glyc_e	1.0	0.02	1	0.02	678.seasonal.insitu.sample.491
329	all	minimal	Methyloceanibacter_methanicus_R_67174_	Psychromonas_arctica_DSM_14288_	M_gthrd_e	1.0	0.56	1	0.56	678.seasonal.insitu.sample.491
330	all	minimal	Methyloceanibacter_methanicus_R_67174_	Psychromonas_arctica_DSM_14288_	M_h2o_e	1.0	0.01	1	0.01	678.seasonal.insitu.sample.491
331	all	minimal	Methyloceanibacter_methanicus_R_67174_	Psychromonas_arctica_DSM_14288_	M_h_e	1.0	0.02	1	0.02	678.seasonal.insitu.sample.491
332	all	minimal	Methyloceanibacter_methanicus_R_67174_	Psychromonas_arctica_DSM_14288_	M_hom__L_e	1.0	0.98	1	0.98	678.seasonal.insitu.sample.491
333	all	minimal	Methyloceanibacter_methanicus_R_67174_	Psychromonas_arctica_DSM_14288_	M_ile__L_e	1.0	1.0	1	1.0	678.seasonal.insitu.sample.491
334	all	minimal	Methyloceanibacter_methanicus_R_67174_	Psychromonas_arctica_DSM_14288_	M_indole_e	1.0	0.01	1	0.01	678.seasonal.insitu.sample.491
335	all	minimal	Methyloceanibacter_methanicus_R_67174_	Psychromonas_arctica_DSM_14288_	M_lys__L_e	1.0	0.02	1	0.02	678.seasonal.insitu.sample.491
336	all	minimal	Methyloceanibacter_methanicus_R_67174_	Psychromonas_arctica_DSM_14288_	M_met__L_e	1.0	0.02	1	0.02	678.seasonal.insitu.sample.491
337	all	minimal	Methyloceanibacter_methanicus_R_67174_	Psychromonas_arctica_DSM_14288_	M_nh4_e	1.0	0.01	1	0.01	678.seasonal.insitu.sample.491
338	all	minimal	Methyloceanibacter_methanicus_R_67174_	Psychromonas_arctica_DSM_14288_	M_pi_e	1.0	1.0	1	1.0	678.seasonal.insitu.sample.491
339	all	minimal	Methyloceanibacter_methanicus_R_67174_	Psychromonas_arctica_DSM_14288_	M_thr__L_e	1.0	0.02	1	0.02	678.seasonal.insitu.sample.491
340	all	minimal	Methyloceanibacter_methanicus_R_67174_	Psychromonas_arctica_DSM_14288_	M_uri_e	1.0	1.0	1	1.0	678.seasonal.insitu.sample.491
341	all	minimal	Methyloceanibacter_stevinii_R_67176_	Psychromonas_arctica_DSM_14288_	M_etoh_e	1.0	0.03	1	0.03	678.seasonal.insitu.sample.491
342	all	minimal	Methyloceanibacter_stevinii_R_67176_	Psychromonas_arctica_DSM_14288_	M_fe2_e	1.0	0.43	1	0.43	678.seasonal.insitu.sample.491
343	all	minimal	Methyloceanibacter_stevinii_R_67176_	Psychromonas_arctica_DSM_14288_	M_fe3pyovd_kt_e	1.0	0.57	1	0.57	678.seasonal.insitu.sample.491
344	all	minimal	Methyloceanibacter_stevinii_R_67176_	Psychromonas_arctica_DSM_14288_	M_for_e	1.0	0.01	1	0.01	678.seasonal.insitu.sample.491
345	all	minimal	Methyloceanibacter_stevinii_R_67176_	Psychromonas_arctica_DSM_14288_	M_fum_e	1.0	0.01	1	0.01	678.seasonal.insitu.sample.491
346	all	minimal	Methyloceanibacter_stevinii_R_67176_	Psychromonas_arctica_DSM_14288_	M_g3pe_e	1.0	0.19	1	0.19	678.seasonal.insitu.sample.491
347	all	minimal	Methyloceanibacter_stevinii_R_67176_	Psychromonas_arctica_DSM_14288_	M_g3pg_e	1.0	0.37	1	0.37	678.seasonal.insitu.sample.491
348	all	minimal	Methyloceanibacter_stevinii_R_67176_	Psychromonas_arctica_DSM_14288_	M_glc__D_e	1.0	0.01	1	0.01	678.seasonal.insitu.sample.491
349	all	minimal	Methyloceanibacter_stevinii_R_67176_	Psychromonas_arctica_DSM_14288_	M_glyc_e	1.0	0.02	1	0.02	678.seasonal.insitu.sample.491
350	all	minimal	Methyloceanibacter_stevinii_R_67176_	Psychromonas_arctica_DSM_14288_	M_h2s_e	1.0	0.61	1	0.61	678.seasonal.insitu.sample.491
351	all	minimal	Methyloceanibacter_stevinii_R_67176_	Psychromonas_arctica_DSM_14288_	M_ile__L_e	1.0	1.0	1	1.0	678.seasonal.insitu.sample.491
352	all	minimal	Methyloceanibacter_stevinii_R_67176_	Psychromonas_arctica_DSM_14288_	M_indole_e	1.0	0.02	1	0.02	678.seasonal.insitu.sample.491
353	all	minimal	Methyloceanibacter_stevinii_R_67176_	Psychromonas_arctica_DSM_14288_	M_lys__L_e	1.0	0.01	1	0.01	678.seasonal.insitu.sample.491
354	all	minimal	Methyloceanibacter_stevinii_R_67176_	Psychromonas_arctica_DSM_14288_	M_mal__L_e	1.0	0.03	1	0.03	678.seasonal.insitu.sample.491
355	all	minimal	Methyloceanibacter_stevinii_R_67176_	Psychromonas_arctica_DSM_14288_	M_pi_e	1.0	0.44	1	0.44	678.seasonal.insitu.sample.491
356	all	minimal	Methyloceanibacter_stevinii_R_67176_	Psychromonas_arctica_DSM_14288_	M_thr__L_e	1.0	0.01	1	0.01	678.seasonal.insitu.sample.491
357	all	minimal	Methyloceanibacter_stevinii_R_67176_	Psychromonas_arctica_DSM_14288_	M_uri_e	1.0	0.01	1	0.01	678.seasonal.insitu.sample.491
358	all	minimal	Mycobacterium_diernhoferi_Bard_	Desulfocapsa_sulfexigens_DSM_10523_	M_acald_e	1.0	0.04	1	0.04	678.seasonal.insitu.sample.491
359	all	minimal	Mycobacterium_diernhoferi_Bard_	Desulfocapsa_sulfexigens_DSM_10523_	M_bz_e	1.0	0.28	1	0.28	678.seasonal.insitu.sample.491
360	all	minimal	Mycobacterium_diernhoferi_Bard_	Desulfocapsa_sulfexigens_DSM_10523_	M_cellb_e	1.0	0.25	1	0.25	678.seasonal.insitu.sample.491
361	all	minimal	Mycobacterium_diernhoferi_Bard_	Desulfocapsa_sulfexigens_DSM_10523_	M_etha_e	1.0	0.02	1	0.02	678.seasonal.insitu.sample.491
362	all	minimal	Mycobacterium_diernhoferi_Bard_	Desulfocapsa_sulfexigens_DSM_10523_	M_etoh_e	1.0	0.02	1	0.02	678.seasonal.insitu.sample.491
363	all	minimal	Mycobacterium_diernhoferi_Bard_	Desulfocapsa_sulfexigens_DSM_10523_	M_fe2_e	1.0	0.16	1	0.16	678.seasonal.insitu.sample.491
364	all	minimal	Mycobacterium_diernhoferi_Bard_	Desulfocapsa_sulfexigens_DSM_10523_	M_fe3_e	1.0	0.61	1	0.61	678.seasonal.insitu.sample.491
365	all	minimal	Mycobacterium_diernhoferi_Bard_	Desulfocapsa_sulfexigens_DSM_10523_	M_fe3pyovd_kt_e	1.0	0.01	1	0.01	678.seasonal.insitu.sample.491
366	all	minimal	Mycobacterium_diernhoferi_Bard_	Desulfocapsa_sulfexigens_DSM_10523_	M_g3pe_e	1.0	0.33	1	0.33	678.seasonal.insitu.sample.491
367	all	minimal	Mycobacterium_diernhoferi_Bard_	Desulfocapsa_sulfexigens_DSM_10523_	M_glyc3p_e	1.0	0.46	1	0.46	678.seasonal.insitu.sample.491
368	all	minimal	Mycobacterium_diernhoferi_Bard_	Desulfocapsa_sulfexigens_DSM_10523_	M_pi_e	1.0	0.18	1	0.18	678.seasonal.insitu.sample.491
369	all	minimal	Mycobacterium_diernhoferi_Bard_	Desulfocapsa_sulfexigens_DSM_10523_	M_ura_e	1.0	0.27	1	0.27	678.seasonal.insitu.sample.491
370	all	minimal	Mycobacterium_diernhoferi_Bard_	Desulfocapsa_sulfexigens_DSM_10523_	M_val__L_e	1.0	0.01	1	0.01	678.seasonal.insitu.sample.491
371	all	minimal	Mycobacterium_diernhoferi_Bard_	Psychromonas_arctica_DSM_14288_	M_4abut_e	0.5	0.13	1	0.065	678.seasonal.insitu.sample.491
372	all	minimal	Mycobacterium_diernhoferi_Bard_	Psychromonas_arctica_DSM_14288_	M_acald_e	0.5	0.04	1	0.02	678.seasonal.insitu.sample.491
373	all	minimal	Mycobacterium_diernhoferi_Bard_	Psychromonas_arctica_DSM_14288_	M_agm_e	0.5	0.01	1	0.005	678.seasonal.insitu.sample.491
374	all	minimal	Mycobacterium_diernhoferi_Bard_	Psychromonas_arctica_DSM_14288_	M_arg__L_e	0.5	0.04	1	0.02	678.seasonal.insitu.sample.491
375	all	minimal	Mycobacterium_diernhoferi_Bard_	Psychromonas_arctica_DSM_14288_	M_cellb_e	0.5	0.25	1	0.125	678.seasonal.insitu.sample.491
376	all	minimal	Mycobacterium_diernhoferi_Bard_	Psychromonas_arctica_DSM_14288_	M_cgly_e	0.5	0.16	1	0.08	678.seasonal.insitu.sample.491
377	all	minimal	Mycobacterium_diernhoferi_Bard_	Psychromonas_arctica_DSM_14288_	M_etha_e	0.5	0.02	1	0.01	678.seasonal.insitu.sample.491
378	all	minimal	Mycobacterium_diernhoferi_Bard_	Psychromonas_arctica_DSM_14288_	M_etoh_e	0.5	0.02	1	0.01	678.seasonal.insitu.sample.491
379	all	minimal	Mycobacterium_diernhoferi_Bard_	Psychromonas_arctica_DSM_14288_	M_fe2_e	0.5	0.16	1	0.08	678.seasonal.insitu.sample.491
380	all	minimal	Mycobacterium_diernhoferi_Bard_	Psychromonas_arctica_DSM_14288_	M_fe3_e	0.5	0.61	1	0.305	678.seasonal.insitu.sample.491
381	all	minimal	Mycobacterium_diernhoferi_Bard_	Psychromonas_arctica_DSM_14288_	M_fe3pyovd_kt_e	0.5	0.01	1	0.005	678.seasonal.insitu.sample.491
382	all	minimal	Mycobacterium_diernhoferi_Bard_	Psychromonas_arctica_DSM_14288_	M_for_e	0.5	0.01	1	0.005	678.seasonal.insitu.sample.491
383	all	minimal	Mycobacterium_diernhoferi_Bard_	Psychromonas_arctica_DSM_14288_	M_fum_e	0.5	0.02	1	0.01	678.seasonal.insitu.sample.491
384	all	minimal	Mycobacterium_diernhoferi_Bard_	Psychromonas_arctica_DSM_14288_	M_g3pe_e	0.5	0.33	1	0.165	678.seasonal.insitu.sample.491
385	all	minimal	Mycobacterium_diernhoferi_Bard_	Psychromonas_arctica_DSM_14288_	M_g3pg_e	0.5	0.03	1	0.015	678.seasonal.insitu.sample.491
386	all	minimal	Mycobacterium_diernhoferi_Bard_	Psychromonas_arctica_DSM_14288_	M_glc__D_e	0.5	0.01	1	0.005	678.seasonal.insitu.sample.491
387	all	minimal	Mycobacterium_diernhoferi_Bard_	Psychromonas_arctica_DSM_14288_	M_glcn_e	0.5	0.02	1	0.01	678.seasonal.insitu.sample.491
388	all	minimal	Mycobacterium_diernhoferi_Bard_	Psychromonas_arctica_DSM_14288_	M_gly_e	0.5	0.03	1	0.015	678.seasonal.insitu.sample.491
389	all	minimal	Mycobacterium_diernhoferi_Bard_	Psychromonas_arctica_DSM_14288_	M_glyc3p_e	0.5	0.46	1	0.23	678.seasonal.insitu.sample.491
390	all	minimal	Mycobacterium_diernhoferi_Bard_	Psychromonas_arctica_DSM_14288_	M_gthrd_e	0.5	0.31	1	0.155	678.seasonal.insitu.sample.491
391	all	minimal	Mycobacterium_diernhoferi_Bard_	Psychromonas_arctica_DSM_14288_	M_ile__L_e	0.5	0.01	1	0.005	678.seasonal.insitu.sample.491
392	all	minimal	Mycobacterium_diernhoferi_Bard_	Psychromonas_arctica_DSM_14288_	M_leu__L_e	0.5	0.02	1	0.01	678.seasonal.insitu.sample.491
393	all	minimal	Mycobacterium_diernhoferi_Bard_	Psychromonas_arctica_DSM_14288_	M_orn_e	0.5	0.03	1	0.015	678.seasonal.insitu.sample.491
394	all	minimal	Mycobacterium_diernhoferi_Bard_	Psychromonas_arctica_DSM_14288_	M_phe__L_e	0.5	0.01	1	0.005	678.seasonal.insitu.sample.491
395	all	minimal	Mycobacterium_diernhoferi_Bard_	Psychromonas_arctica_DSM_14288_	M_pi_e	0.5	0.18	1	0.09	678.seasonal.insitu.sample.491
396	all	minimal	Mycobacterium_diernhoferi_Bard_	Psychromonas_arctica_DSM_14288_	M_thr__L_e	0.5	0.01	1	0.005	678.seasonal.insitu.sample.491
397	all	minimal	Mycobacterium_diernhoferi_Bard_	Psychromonas_arctica_DSM_14288_	M_trp__L_e	0.5	0.01	1	0.005	678.seasonal.insitu.sample.491
398	all	minimal	Mycobacterium_diernhoferi_Bard_	Psychromonas_arctica_DSM_14288_	M_ura_e	0.5	0.27	1	0.135	678.seasonal.insitu.sample.491
399	all	minimal	Mycobacterium_diernhoferi_Bard_	Psychromonas_arctica_DSM_14288_	M_val__L_e	0.5	0.01	1	0.005	678.seasonal.insitu.sample.491
400	all	minimal	Mycobacterium_diernhoferi_Bard_	Psychromonas_ingrahamii_37_	M_acald_e	0.5	0.04	1	0.02	678.seasonal.insitu.sample.491
401	all	minimal	Mycobacterium_diernhoferi_Bard_	Psychromonas_ingrahamii_37_	M_agm_e	0.5	0.01	1	0.005	678.seasonal.insitu.sample.491
402	all	minimal	Mycobacterium_diernhoferi_Bard_	Psychromonas_ingrahamii_37_	M_arg__L_e	0.5	0.04	1	0.02	678.seasonal.insitu.sample.491
403	all	minimal	Mycobacterium_diernhoferi_Bard_	Psychromonas_ingrahamii_37_	M_cellb_e	0.5	0.25	1	0.125	678.seasonal.insitu.sample.491
404	all	minimal	Mycobacterium_diernhoferi_Bard_	Psychromonas_ingrahamii_37_	M_cgly_e	0.5	0.16	1	0.08	678.seasonal.insitu.sample.491
405	all	minimal	Mycobacterium_diernhoferi_Bard_	Psychromonas_ingrahamii_37_	M_etha_e	0.5	0.02	1	0.01	678.seasonal.insitu.sample.491
406	all	minimal	Mycobacterium_diernhoferi_Bard_	Psychromonas_ingrahamii_37_	M_etoh_e	0.5	0.02	1	0.01	678.seasonal.insitu.sample.491
407	all	minimal	Mycobacterium_diernhoferi_Bard_	Psychromonas_ingrahamii_37_	M_fe2_e	0.5	0.16	1	0.08	678.seasonal.insitu.sample.491
408	all	minimal	Mycobacterium_diernhoferi_Bard_	Psychromonas_ingrahamii_37_	M_fe3_e	0.5	0.61	1	0.305	678.seasonal.insitu.sample.491
409	all	minimal	Mycobacterium_diernhoferi_Bard_	Psychromonas_ingrahamii_37_	M_fe3pyovd_kt_e	0.5	0.01	1	0.005	678.seasonal.insitu.sample.491
410	all	minimal	Mycobacterium_diernhoferi_Bard_	Psychromonas_ingrahamii_37_	M_for_e	0.5	0.01	1	0.005	678.seasonal.insitu.sample.491
411	all	minimal	Mycobacterium_diernhoferi_Bard_	Psychromonas_ingrahamii_37_	M_fum_e	0.5	0.02	1	0.01	678.seasonal.insitu.sample.491
412	all	minimal	Mycobacterium_diernhoferi_Bard_	Psychromonas_ingrahamii_37_	M_g3pe_e	0.5	0.33	1	0.165	678.seasonal.insitu.sample.491
413	all	minimal	Mycobacterium_diernhoferi_Bard_	Psychromonas_ingrahamii_37_	M_g3pg_e	0.5	0.03	1	0.015	678.seasonal.insitu.sample.491
414	all	minimal	Mycobacterium_diernhoferi_Bard_	Psychromonas_ingrahamii_37_	M_gly_e	0.5	0.03	1	0.015	678.seasonal.insitu.sample.491
415	all	minimal	Mycobacterium_diernhoferi_Bard_	Psychromonas_ingrahamii_37_	M_glyc3p_e	0.5	0.46	1	0.23	678.seasonal.insitu.sample.491
416	all	minimal	Mycobacterium_diernhoferi_Bard_	Psychromonas_ingrahamii_37_	M_gthrd_e	0.5	0.31	1	0.155	678.seasonal.insitu.sample.491
417	all	minimal	Mycobacterium_diernhoferi_Bard_	Psychromonas_ingrahamii_37_	M_leu__L_e	0.5	0.02	1	0.01	678.seasonal.insitu.sample.491
418	all	minimal	Mycobacterium_diernhoferi_Bard_	Psychromonas_ingrahamii_37_	M_phe__L_e	0.5	0.01	1	0.005	678.seasonal.insitu.sample.491
419	all	minimal	Mycobacterium_diernhoferi_Bard_	Psychromonas_ingrahamii_37_	M_pi_e	0.5	0.18	1	0.09	678.seasonal.insitu.sample.491
420	all	minimal	Mycobacterium_diernhoferi_Bard_	Psychromonas_ingrahamii_37_	M_thr__L_e	0.5	0.01	1	0.005	678.seasonal.insitu.sample.491
421	all	minimal	Mycobacterium_diernhoferi_Bard_	Psychromonas_ingrahamii_37_	M_trp__L_e	0.5	0.01	1	0.005	678.seasonal.insitu.sample.491
422	all	minimal	Mycobacterium_diernhoferi_Bard_	Psychromonas_ingrahamii_37_	M_ura_e	0.5	0.27	1	0.135	678.seasonal.insitu.sample.491
423	all	minimal	Pelobacter_carbinolicus_DSM_2380_	Psychromonas_arctica_DSM_14288_	M_acald_e	0.5	0.01	1	0.005	678.seasonal.insitu.sample.491
424	all	minimal	Pelobacter_carbinolicus_DSM_2380_	Psychromonas_arctica_DSM_14288_	M_arg__L_e	0.5	0.02	1	0.01	678.seasonal.insitu.sample.491
425	all	minimal	Pelobacter_carbinolicus_DSM_2380_	Psychromonas_arctica_DSM_14288_	M_cellb_e	0.5	0.39	1	0.195	678.seasonal.insitu.sample.491
426	all	minimal	Pelobacter_carbinolicus_DSM_2380_	Psychromonas_arctica_DSM_14288_	M_cgly_e	0.5	0.03	1	0.015	678.seasonal.insitu.sample.491
427	all	minimal	Pelobacter_carbinolicus_DSM_2380_	Psychromonas_arctica_DSM_14288_	M_cytd_e	0.5	0.06	1	0.03	678.seasonal.insitu.sample.491
428	all	minimal	Pelobacter_carbinolicus_DSM_2380_	Psychromonas_arctica_DSM_14288_	M_fe2_e	0.5	1.0	1	0.5	678.seasonal.insitu.sample.491
429	all	minimal	Pelobacter_carbinolicus_DSM_2380_	Psychromonas_arctica_DSM_14288_	M_fe3_e	0.5	0.31	1	0.155	678.seasonal.insitu.sample.491
430	all	minimal	Pelobacter_carbinolicus_DSM_2380_	Psychromonas_arctica_DSM_14288_	M_glc__D_e	0.5	0.04	1	0.02	678.seasonal.insitu.sample.491
431	all	minimal	Pelobacter_carbinolicus_DSM_2380_	Psychromonas_arctica_DSM_14288_	M_gthrd_e	0.5	0.02	1	0.01	678.seasonal.insitu.sample.491
432	all	minimal	Pelobacter_carbinolicus_DSM_2380_	Psychromonas_arctica_DSM_14288_	M_gua_e	0.5	0.01	1	0.005	678.seasonal.insitu.sample.491
433	all	minimal	Pelobacter_carbinolicus_DSM_2380_	Psychromonas_arctica_DSM_14288_	M_h_e	0.5	0.01	1	0.005	678.seasonal.insitu.sample.491
434	all	minimal	Pelobacter_carbinolicus_DSM_2380_	Psychromonas_arctica_DSM_14288_	M_indole_e	0.5	0.03	1	0.015	678.seasonal.insitu.sample.491
435	all	minimal	Pelobacter_carbinolicus_DSM_2380_	Psychromonas_arctica_DSM_14288_	M_nh4_e	0.5	0.02	1	0.01	678.seasonal.insitu.sample.491
436	all	minimal	Pelobacter_carbinolicus_DSM_2380_	Psychromonas_arctica_DSM_14288_	M_pi_e	0.5	1.0	1	0.5	678.seasonal.insitu.sample.491
437	all	minimal	Pelobacter_carbinolicus_DSM_2380_	Psychromonas_arctica_DSM_14288_	M_ptrc_e	0.5	0.02	1	0.01	678.seasonal.insitu.sample.491
438	all	minimal	Pelobacter_carbinolicus_DSM_2380_	Psychromonas_arctica_DSM_14288_	M_thr__L_e	0.5	0.01	1	0.005	678.seasonal.insitu.sample.491
439	all	minimal	Pelobacter_carbinolicus_DSM_2380_	Psychromonas_arctica_DSM_14288_	M_uri_e	0.5	0.51	1	0.255	678.seasonal.insitu.sample.491
440	all	minimal	Pelobacter_carbinolicus_DSM_2380_	Psychromonas_ingrahamii_37_	M_LalaDgluMdapDala_e	0.5	0.01	1	0.005	678.seasonal.insitu.sample.491
441	all	minimal	Pelobacter_carbinolicus_DSM_2380_	Psychromonas_ingrahamii_37_	M_acald_e	0.5	0.01	1	0.005	678.seasonal.insitu.sample.491
442	all	minimal	Pelobacter_carbinolicus_DSM_2380_	Psychromonas_ingrahamii_37_	M_ala__D_e	0.5	0.03	1	0.015	678.seasonal.insitu.sample.491
443	all	minimal	Pelobacter_carbinolicus_DSM_2380_	Psychromonas_ingrahamii_37_	M_arg__L_e	0.5	0.02	1	0.01	678.seasonal.insitu.sample.491
444	all	minimal	Pelobacter_carbinolicus_DSM_2380_	Psychromonas_ingrahamii_37_	M_cellb_e	0.5	0.39	1	0.195	678.seasonal.insitu.sample.491
445	all	minimal	Pelobacter_carbinolicus_DSM_2380_	Psychromonas_ingrahamii_37_	M_cgly_e	0.5	0.03	1	0.015	678.seasonal.insitu.sample.491
446	all	minimal	Pelobacter_carbinolicus_DSM_2380_	Psychromonas_ingrahamii_37_	M_cytd_e	0.5	0.06	1	0.03	678.seasonal.insitu.sample.491
447	all	minimal	Pelobacter_carbinolicus_DSM_2380_	Psychromonas_ingrahamii_37_	M_fe2_e	0.5	1.0	1	0.5	678.seasonal.insitu.sample.491
448	all	minimal	Pelobacter_carbinolicus_DSM_2380_	Psychromonas_ingrahamii_37_	M_fe3_e	0.5	0.31	1	0.155	678.seasonal.insitu.sample.491
449	all	minimal	Pelobacter_carbinolicus_DSM_2380_	Psychromonas_ingrahamii_37_	M_gthrd_e	0.5	0.02	1	0.01	678.seasonal.insitu.sample.491
450	all	minimal	Pelobacter_carbinolicus_DSM_2380_	Psychromonas_ingrahamii_37_	M_gua_e	0.5	0.01	1	0.005	678.seasonal.insitu.sample.491
451	all	minimal	Pelobacter_carbinolicus_DSM_2380_	Psychromonas_ingrahamii_37_	M_h2_e	0.5	0.01	1	0.005	678.seasonal.insitu.sample.491
452	all	minimal	Pelobacter_carbinolicus_DSM_2380_	Psychromonas_ingrahamii_37_	M_h_e	0.5	0.01	1	0.005	678.seasonal.insitu.sample.491
453	all	minimal	Pelobacter_carbinolicus_DSM_2380_	Psychromonas_ingrahamii_37_	M_indole_e	0.5	0.03	1	0.015	678.seasonal.insitu.sample.491
454	all	minimal	Pelobacter_carbinolicus_DSM_2380_	Psychromonas_ingrahamii_37_	M_nh4_e	0.5	0.02	1	0.01	678.seasonal.insitu.sample.491
455	all	minimal	Pelobacter_carbinolicus_DSM_2380_	Psychromonas_ingrahamii_37_	M_pi_e	0.5	1.0	1	0.5	678.seasonal.insitu.sample.491
456	all	minimal	Pelobacter_carbinolicus_DSM_2380_	Psychromonas_ingrahamii_37_	M_thr__L_e	0.5	0.01	1	0.005	678.seasonal.insitu.sample.491
457	all	minimal	Pelobacter_carbinolicus_DSM_2380_	Psychromonas_ingrahamii_37_	M_uri_e	0.5	0.51	1	0.255	678.seasonal.insitu.sample.491
458	all	minimal	Pelobacter_carbinolicus_DSM_2380_	Romboutsia_timonensis_Marseille_P326_	M_LalaDgluMdapDala_e	1.0	0.01	1	0.01	678.seasonal.insitu.sample.491
459	all	minimal	Pelobacter_carbinolicus_DSM_2380_	Romboutsia_timonensis_Marseille_P326_	M_acald_e	1.0	0.01	1	0.01	678.seasonal.insitu.sample.491
460	all	minimal	Pelobacter_carbinolicus_DSM_2380_	Romboutsia_timonensis_Marseille_P326_	M_ala__D_e	1.0	0.03	1	0.03	678.seasonal.insitu.sample.491
461	all	minimal	Pelobacter_carbinolicus_DSM_2380_	Romboutsia_timonensis_Marseille_P326_	M_fe2_e	1.0	1.0	1	1.0	678.seasonal.insitu.sample.491
462	all	minimal	Pelobacter_carbinolicus_DSM_2380_	Romboutsia_timonensis_Marseille_P326_	M_fe3_e	1.0	0.31	1	0.31	678.seasonal.insitu.sample.491
463	all	minimal	Pelobacter_carbinolicus_DSM_2380_	Romboutsia_timonensis_Marseille_P326_	M_glc__D_e	1.0	0.04	1	0.04	678.seasonal.insitu.sample.491
464	all	minimal	Pelobacter_carbinolicus_DSM_2380_	Romboutsia_timonensis_Marseille_P326_	M_gua_e	1.0	0.01	1	0.01	678.seasonal.insitu.sample.491
465	all	minimal	Pelobacter_carbinolicus_DSM_2380_	Romboutsia_timonensis_Marseille_P326_	M_h_e	1.0	0.01	1	0.01	678.seasonal.insitu.sample.491
466	all	minimal	Pelobacter_carbinolicus_DSM_2380_	Romboutsia_timonensis_Marseille_P326_	M_nh4_e	1.0	0.02	1	0.02	678.seasonal.insitu.sample.491
467	all	minimal	Pelobacter_carbinolicus_DSM_2380_	Romboutsia_timonensis_Marseille_P326_	M_o2_e	1.0	0.09	1	0.09	678.seasonal.insitu.sample.491
468	all	minimal	Pelobacter_carbinolicus_DSM_2380_	Romboutsia_timonensis_Marseille_P326_	M_pi_e	1.0	1.0	1	1.0	678.seasonal.insitu.sample.491
469	all	minimal	Pelobacter_carbinolicus_DSM_2380_	Romboutsia_timonensis_Marseille_P326_	M_ptrc_e	1.0	0.02	1	0.02	678.seasonal.insitu.sample.491
